title,price,location,details,tags,image_url,url,price_shekels,rooms,area_sqm,floor,city,neighborhood,price_per_sqm
השריג 35,₪ 4 350 000,"דירת גן, קרית כרמים, ראשון לציון",5 חדרים • קומה קרקע • 202 מ״ר,"ממ""ד, 3 כיווני אוויר, נוף פתוח לפארק",https://img.yad2.co.il/Pic/202509/06/2_1/o/y2_1pa_010776_20250906180003.jpeg,,4350000.0,5.0,202.0,4.0,ראשון לציון,,21534.653465346535
גרגר הנחלים 13,₪ 2 900 000,"גג/ פנטהאוז, שחמון, רובע 2, אילת",4 חדרים • קומה קרקע • 155 מ״ר,"ממ""ד, 4 כיווני אוויר, חניה",https://img.yad2.co.il/Pic/202507/12/2_1/o/y2_1_03452_20250712140701.jpeg,,2900000.0,4.0,155.0,4.0,Unknown,"פנטהאוז, שחמון, רובע 2, אילת",18709.677419354837
הדובדבן 12,₪ 3 850 000,"גג/ פנטהאוז, פסגת אונו, קרית אונו",4 חדרים • קומה 2 • 150 מ״ר,"ממ""ד, 3 כיווני אוויר, חניה",https://img.yad2.co.il/Pic/202509/16/2_1/o/y2_1pa_010487_20250916232307.jpeg,,3850000.0,4.0,150.0,2.0,Unknown,"פנטהאוז, פסגת אונו, קרית אונו",25666.666666666668
המייסדים 130,₪ 4 600 000,"דו משפחתי, יובלים, פרדס חנה כרכור",6.5 חדרים • קומה קרקע • 250 מ״ר,"2 מרפסות, ממ""ד, 3 כיווני אוויר",https://img.yad2.co.il/Pic/202509/14/2_1/o/y2_1pa_010451_20250914214141.jpeg,,4600000.0,6.5,2.0,4.0,פרדס חנה כרכור,,2300000.0
צופיה 1,₪ 3 920 000,"בית פרטי/ קוטג', קדומים, קדומים",6 חדרים • קומה קרקע • 512 מ״ר,"ממ""ד, 4 כיווני אוויר, חניה",https://img.yad2.co.il/Pic/202509/14/2_1/o/y2_1pa_010098_20250914130403.jpeg,,3920000.0,6.0,512.0,4.0,Unknown,"קוטג', קדומים, קדומים",7656.25
נרקיס 14,₪ 4 950 000,"בית פרטי/ קוטג', בנה ביתך, קרית ים",7 חדרים • קומה קרקע • 478 מ״ר,"3 מרפסות, 4 כיווני אוויר, חניה",https://img.yad2.co.il/Pic/202506/04/2_1/o/y2_1_06924_20250604194405.jpeg,,4950000.0,7.0,3.0,4.0,Unknown,"קוטג', בנה ביתך, קרית ים",1650000.0
שילה 8,₪ 2 500 000,"דירת גן, הסיטי, אשקלון",7 חדרים • קומה קרקע • 253 מ״ר,"ממ""ד, נוף פתוח לפארק, חניה",https://img.yad2.co.il/Pic/202504/17/2_1/o/y2_1_08178_20250417180730.jpeg,,2500000.0,7.0,253.0,4.0,אשקלון,,9881.422924901186
הגפן 1,₪ 2 099 900,"דירה, כרמי הנדיב, אחוזת רוטנר, קרית מלאכי",5 חדרים • קומה 3 • 130 מ״ר,"3 כיווני אוויר, חניה, חדש מקבלן",https://img.yad2.co.il/Pic/202509/16/2_1/o/y2_1_03621_20250916160426.jpeg,,2099900.0,5.0,130.0,3.0,קרית מלאכי,,16153.076923076924
אבנר חי שאקי 39,₪ 2 390 000,"דירה, גילה, ירושלים",3 חדרים • קומה 5 • 85 מ״ר,"ממ""ד, חניה, חדש מקבלן",https://img.yad2.co.il/Pic/202509/14/2_1/o/y2_1pa_010115_20250914092614.jpeg,,2390000.0,3.0,85.0,5.0,ירושלים,,28117.647058823528
אליהו גולומב 28,₪ 2 750 000,"טריפלקס, צפון מזרח מרכז העיר, נתניה",4 חדרים • קומה 5 • 1 מ״ר,"נוף פתוח לעיר, בניין משופץ, בהזדמנות",https://img.yad2.co.il/Pic/202509/16/2_1/o/y2_1pa_010170_20250916064928.jpeg,,2750000.0,4.0,1.0,5.0,נתניה,,2750000.0
ארנסט הוגו 16,₪ 4 250 000,"דו משפחתי, שיכון ותיקים, חולון",4.5 חדרים • קומה קרקע • 254 מ״ר,"3 כיווני אוויר, משופצת אדריכלית, בהזדמנות",https://img.yad2.co.il/Pic/202509/14/2_1/o/y2_1_04068_20250914221816.jpeg,,4250000.0,4.5,254.0,4.0,חולון,,16732.283464566928
חיים דוד הלוי 12,₪ 3 650 000,"דירה, פסגת זאב, ירושלים",5 חדרים • קומה 2 • 200 מ״ר,"3 מרפסות, 4 כיווני אוויר, חניה",https://img.yad2.co.il/Pic/202504/13/2_1/o/y2_1_02991_20250413223926.jpeg,,3650000.0,5.0,3.0,2.0,ירושלים,,1216666.6666666667
חמרא 60,₪ 2 490 000,"דירה, עיר היין, אשקלון",5 חדרים • קומה 6 • 150 מ״ר,"3 חדרי מקלחת, ממ""ד, חניה",https://img.yad2.co.il/Pic/202508/19/2_1/o/y2_1pa_010350_20250819161320.jpeg,,2490000.0,3.0,150.0,6.0,אשקלון,,16600.0
שוהם 28,₪ 1 599 000,"דירה, אבני חן, חריש",5 חדרים • קומה 2 • 116 מ״ר,"נוף פתוח לפארק, חניה, יחידת הורים",https://img.yad2.co.il/Pic/202509/16/2_1/o/y2_1pa_010940_20250916105827.jpeg,,1599000.0,5.0,116.0,2.0,חריש,,13784.48275862069
שאול המלך 3,₪ 3 150 000,"דירה, אונו הירוקה, קרית אונו",4 חדרים • קומה 7 • 123 מ״ר,"ממ""ד, נוף פתוח לעיר, חניה",https://img.yad2.co.il/Pic/202509/07/2_1/o/y2_1_04195_20250907144856.jpeg,,3150000.0,4.0,123.0,7.0,קרית אונו,,25609.756097560974
הברוש 5,₪ 4 200 000,"בית פרטי/ קוטג', ברנדייס, חדרה",6 חדרים • קומה קרקע • 250 מ״ר,"3 חדרי מקלחת, 4 כיווני אוויר, חדש מקבלן",https://img.yad2.co.il/Pic/202505/19/2_1/o/y2_1_02266_20250519170514.jpeg,,4200000.0,3.0,250.0,4.0,Unknown,"קוטג', ברנדייס, חדרה",16800.0
"צה""ל 5",₪ 1 580 000,"דירה, גיורא, רמלה",4 חדרים • קומה 2 • 90 מ״ר,"3 כיווני אוויר, נוף פתוח לפארק, נכס עורפי",https://img.yad2.co.il/Pic/202508/28/2_1/o/y2_1pa_010835_20250828155212.jpeg,,1580000.0,4.0,90.0,2.0,רמלה,,17555.555555555555
משה שרת 38,₪ 7 200 000,"דירה, הצפון החדש - כיכר המדינה, תל אביב יפו",4 חדרים • קומה 1 • 116 מ״ר,"ממ""ד, חניה, חדש מקבלן",https://img.yad2.co.il/Pic/202509/07/2_1/o/y2_1_06412_20250907141844.jpeg,,7200000.0,4.0,116.0,1.0,הצפון החדש,"כיכר המדינה, תל אביב יפו",62068.96551724138
רבי יהודה הנשיא 12,₪ 2 980 000,"דירה, עליות, רמת גן",3.5 חדרים • קומה 7 • 101 מ״ר,"ממ""ד, חניה, חדש מקבלן",https://img.yad2.co.il/Pic/202509/07/2_1/o/y2_1pa_010531_20250907142405.jpeg,,2980000.0,3.5,101.0,7.0,רמת גן,,29504.950495049507
עין עקרבים 8,₪ 1 790 000,"דירת גן, המעיינות, שחמון, רובע 8, אילת",4 חדרים • קומה קרקע • 210 מ״ר,"ממ""ד, חניה, מטבח גדול",https://img.yad2.co.il/Pic/202509/14/2_5/o/y2_1pa_010823_20250914102547.jpeg,,1790000.0,4.0,210.0,4.0,אילת,,8523.809523809523
רות,₪ 5 650 000,"דירה, חרוזים, רמת גן",5 חדרים • קומה 4 • 144 מ״ר,"ממ""ד, חניה, נכס חדש",https://img.yad2.co.il/Pic/202504/08/2_5/o/y2_1pa_010617_20250408163346.jpeg,,5650000.0,5.0,144.0,4.0,רמת גן,,39236.11111111111
שדרות הציונות,₪ 3 750 000,"גג/ פנטהאוז, ברנע, אשקלון",5 חדרים • קומה 14 • 200 מ״ר,"ממ""ד, חניה, נכס חדש",https://img.yad2.co.il/Pic/202503/03/2_5/o/y2_1pa_010541_20250303143833.jpeg,,3750000.0,5.0,200.0,14.0,Unknown,"פנטהאוז, ברנע, אשקלון",18750.0
"אזורי חן, גימל החדשה",₪ 5 150 000,"דירה, אזורי חן, גימל החדשה, תל אביב יפו",5 חדרים • קומה 2 • 147 מ״ר,"חניה, משופצת אדריכלית, בניין משופץ",https://img.yad2.co.il/Pic/202507/10/2_5/o/y2_1pa_010130_20250710185908.jpeg,,5150000.0,5.0,147.0,2.0,תל אביב יפו,,35034.013605442175
סביוני הכרמל,₪ 3 900 000,"דירה, סביוני הכרמל, חיפה",4.5 חדרים • קומה 12 • 140 מ״ר,"ממ""ד, חניה, מטבח גדול",https://img.yad2.co.il/Pic/202508/12/2_5/o/y2_1pa_010728_20250812143459.jpeg,,3900000.0,4.5,140.0,12.0,חיפה,,27857.14285714286
סורא,₪ 2 300 000,"דופלקס, רמת עמידר, רמת גן",5 חדרים • קומה 1 • 120 מ״ר,"ממ""ד, יחידת הורים, בהזדמנות",https://img.yad2.co.il/Pic/202505/14/2_5/o/y2_1pa_997057_20250514181003.jpeg,,2300000.0,5.0,120.0,1.0,רמת גן,,19166.666666666668
הרב ריינס,₪ 4 043 000,"דירה, קרית משה, ירושלים",4 חדרים • קומה 5 • 120 מ״ר,"2 מרפסות, ממ""ד, חדש מקבלן",https://img.yad2.co.il/Pic/202508/05/2_5/o/y2_1pa_010824_20250805011117.jpeg,,4043000.0,4.0,2.0,5.0,ירושלים,,2021500.0
שדרות הרצל 104,₪ 9 200 000,"גג/ פנטהאוז, בית הכרם, רמת בית הכרם, ירושלים",6.5 חדרים • קומה 8 • 177 מ״ר,"ממ""ד, נכס חדש, מטבח גדול",https://img.yad2.co.il/Pic/202502/18/2_5/o/y2_1pa_010079_20250218093841.jpeg,,9200000.0,6.5,177.0,8.0,Unknown,"פנטהאוז, בית הכרם, רמת בית הכרם, ירושלים",51977.4011299435
אשכולית 44,₪ 1 680 000,"דירה, רמות הרכס, באר שבע",4.5 חדרים • קומה 5 • 166 מ״ר,"ממ""ד, חניה, נכס חדש",https://img.yad2.co.il/Pic/202507/27/2_5/o/y2_1pa_010560_20250727105413.jpeg,,1680000.0,4.5,166.0,5.0,באר שבע,,10120.481927710844
הנשיא הראשון 52,₪ 3 200 000,"דירה, א' / צפון מזרח העיר, רחובות",4 חדרים • קומה 11 • 116 מ״ר,"ממ""ד, חניה, נכס חדש",https://img.yad2.co.il/Pic/202507/21/2_5/o/o2_5_1_05928_20250721191437.jpg,,3200000.0,4.0,116.0,11.0,א',"צפון מזרח העיר, רחובות",27586.206896551725
גני יהודה,₪ 13 900 000,"בית פרטי/ קוטג', גני יהודה, סביון",10 חדרים • קומה קרקע • 1300 מ״ר,"2 מרפסות, חניה, מטבח גדול",https://img.yad2.co.il/Pic/202508/07/2_5/o/y2_9_995710_20250807.jpg,,13900000.0,10.0,2.0,4.0,Unknown,"קוטג', גני יהודה, סביון",6950000.0
דו משפחתי,₪ 2 590 000,"דו משפחתי, קרית טבעון",4 חדרים • קומה קרקע • 72 מ״ר,"ייחודי, חבל לפספס, בהזדמנות",https://img.yad2.co.il/Pic/202505/26/2_5/o/y2_1pa_010988_20250526104904.jpeg,,2590000.0,4.0,72.0,4.0,קרית טבעון,,35972.22222222222
משה לוי 1,₪ 2 190 000,"דירה, נאות שמיר, רמלה",4 חדרים • קומה 1 • 120 מ״ר,"ממ""ד, חניה, יחידת הורים",https://img.yad2.co.il/Pic/202502/02/2_5/o/y2_1pa_010539_20250202130243.jpeg,,2190000.0,4.0,120.0,1.0,רמלה,,18250.0
כפר סבא הירוקה,₪ 3 100 000,"דירה, כפר סבא הירוקה, כפר סבא",4 חדרים • קומה 3 • 127 מ״ר,"2 מרפסות, ממ""ד, חניה",https://img.yad2.co.il/Pic/202509/04/2_5/o/y2_1pa_991708_20250904120720.jpeg,,3100000.0,4.0,2.0,3.0,כפר סבא,,1550000.0
ויצמן,₪ 18 200 000,"גג/ פנטהאוז, תל אביב יפו",5.5 חדרים • קומה 8 • 189 מ״ר,"ממ""ד, חניה, נכס חדש",https://img.yad2.co.il/Pic/202407/09/2_5/o/y2_1pa_010860_20240709101242.jpeg,,18200000.0,5.5,189.0,8.0,Unknown,"פנטהאוז, תל אביב יפו",96296.29629629629
הר הצופים,₪ 3 290 000,"גג/ פנטהאוז, קרית שרת מזרח, חולון",4 חדרים • קומה 5 • 210 מ״ר,"ממ""ד, נכס חדש, בהזדמנות",https://img.yad2.co.il/Pic/202503/17/2_5/o/y2_1pa_010517_20250317160552.jpeg,,3290000.0,4.0,210.0,5.0,Unknown,"פנטהאוז, קרית שרת מזרח, חולון",15666.666666666666
נווה אביבים,₪ 4 490 000,"דירה, נווה אביבים, תל אביב יפו",4 חדרים • קומה 4 • 98 מ״ר,"בניין משופץ, קרוב לפארק, בהזדמנות",https://img.yad2.co.il/Pic/202508/21/2_5/o/y2_1_UzBmtYpiob_20250821.jpg,,4490000.0,4.0,98.0,4.0,תל אביב יפו,,45816.32653061225
הכרמל,₪ 2 550 000,"דירה, נאות שז""ר, יבנה",4 חדרים • קומה 13 • 107 מ״ר,"ממ""ד, חניה, נכס חדש",https://img.yad2.co.il/Pic/202509/08/2_5/o/y2_1pa_010081_20250908145612.jpeg,,2550000.0,4.0,107.0,13.0,יבנה,,23831.77570093458
יפה ירקוני,₪ 3 588 000,"דירה, דרום חדש, פארק הים, בת ים",5 חדרים • קומה 15 • 127 מ״ר,"ממ""ד, חניה, נכס חדש",https://img.yad2.co.il/Pic/202507/10/2_5/o/y2_1pa_994267_20250710125538.jpeg,,3588000.0,5.0,127.0,15.0,בת ים,,28251.96850393701
חיים הרצוג 7,₪ 3 100 000,"דירת גן, פסגות אפק, ראש העין",4 חדרים • קומה קרקע • 212 מ״ר,"ממ""ד, נוף פתוח לעיר, חניה",https://img.yad2.co.il/Pic/202508/24/2_1/o/y2_1_07806_20250824114002.jpeg,,3100000.0,4.0,212.0,4.0,ראש העין,,14622.641509433963
עץ המשאלות 14,₪ 2 795 000,"דו משפחתי, אדמית / יערית, שלומי",5 חדרים • קומה קרקע • 310 מ״ר,"2 מרפסות, ממ""ד, חניה",https://img.yad2.co.il/Pic/202509/12/2_1/o/y2_1_07577_20250912133758.jpeg,,2795000.0,5.0,2.0,4.0,אדמית,"יערית, שלומי",1397500.0
אליהו מרידור 53,₪ 2 500 000,"דירה, פסגת זאב, ירושלים",4 חדרים • קומה 3 • 98 מ״ר,"ממ""ד, 3 כיווני אוויר, חניה",https://img.yad2.co.il/Pic/202509/11/2_1/o/y2_1pa_010510_20250911223349.jpeg,,2500000.0,4.0,98.0,3.0,ירושלים,,25510.20408163265
אמוראים 5,₪ 3 490 000,"דירה, עליות, רמת גן",4 חדרים • קומה 1 • 112 מ״ר,"ממ""ד, 3 כיווני אוויר, חניה",https://img.yad2.co.il/Pic/202509/11/2_1/o/y2_1pa_010479_20250911020133.jpeg,,3490000.0,4.0,112.0,1.0,רמת גן,,31160.714285714286
נחל ירקון 24,₪ 1 650 000,"דירה, כרמי גת, קרית גת",3 חדרים • קומה 7 • 86 מ״ר,"ממ""ד, נוף פתוח לעיר, חניה",https://img.yad2.co.il/Pic/202412/09/2_1/o/y2_1pa_010256_20241209105621.jpeg,,1650000.0,3.0,86.0,7.0,קרית גת,,19186.04651162791
משה דוד מייזנר 4,₪ 3 490 000,"דירה, כפר גנים ג, פתח תקווה",4 חדרים • קומה 3 • 120 מ״ר,"ממ""ד, 4 כיווני אוויר, חניה",https://img.yad2.co.il/Pic/202509/05/2_1/o/y2_1pa_010269_20250905160755.jpeg,,3490000.0,4.0,120.0,3.0,פתח תקווה,,29083.333333333332
צביה לובטקין 18,₪ 2 150 000,"דירה, נווה אליעזר וכפר שלם מזרח, תל אביב יפו",3 חדרים • קומה 3 • 60 מ״ר,"נוף פתוח לפארק, חבל לפספס, בהזדמנות",https://img.yad2.co.il/Pic/202509/10/2_1/o/y2_1_02047_20250910094211.jpeg,,2150000.0,3.0,60.0,3.0,תל אביב יפו,,35833.333333333336
שדרות העצמאות 9,₪ 3 290 000,"דירה, רוטשילד עצמאות, בת ים",3 חדרים • קומה 2 • 90 מ״ר,"ממ""ד, נוף פתוח לים, חניה",https://img.yad2.co.il/Pic/202509/11/2_1/o/y2_1pa_010473_20250911110620.jpeg,,3290000.0,3.0,90.0,2.0,בת ים,,36555.555555555555
יפה נוף 34,₪ 6 750 000,"דירת גן, רמת התשבי, חיפה",4.5 חדרים • קומה 1 • 330 מ״ר,"3 חדרי מקלחת, ממ""ד, חניה",https://img.yad2.co.il/Pic/202509/05/2_1/o/y2_1pa_010397_20250905093628.jpeg,,6750000.0,3.0,330.0,1.0,חיפה,,20454.545454545456
המגילה 8,₪ 6 350 000,"בית פרטי/ קוטג', נווה חוף, ראשון לציון",7.5 חדרים • קומה קרקע • 380 מ״ר,"2 מרפסות, 4 חדרי מקלחת, 3 כיווני אוויר",https://img.yad2.co.il/Pic/202509/04/2_1/o/y2_1pa_010939_20250904114643.jpeg,,6350000.0,4.0,2.0,4.0,Unknown,"קוטג', נווה חוף, ראשון לציון",3175000.0
מעונות ברכה 1,₪ 3 450 000,"דירה, השומר, ראשון לציון",5 חדרים • קומה 5 • 134 מ״ר,"ממ""ד, חניה, בהזדמנות",https://img.yad2.co.il/Pic/202509/07/2_1/o/y2_1_07527_20250907201314.jpeg,,3450000.0,5.0,134.0,5.0,ראשון לציון,,25746.268656716416
הרב בנימין צביאלי 17,₪ 4 200 000,"בית פרטי/ קוטג', פסגת זאב, ירושלים",5 חדרים • קומה קרקע • 240 מ״ר,"ממ""ד, 3 כיווני אוויר, חניה",https://img.yad2.co.il/Pic/202509/10/2_1/o/y2_1pa_010197_20250910181639.jpeg,,4200000.0,5.0,240.0,4.0,Unknown,"קוטג', פסגת זאב, ירושלים",17500.0
"ד""ר סטופ 5",₪ 1 550 000,"דירה, נאות שקד, נתניה",3 חדרים • קומה 7 • 68 מ״ר,"3 כיווני אוויר, נוף פתוח לפארק, קרוב לים",https://img.yad2.co.il/Pic/202507/12/2_1/o/y2_1pa_010072_20250712175519.jpeg,,1550000.0,3.0,68.0,7.0,נתניה,,22794.117647058825
נחל דולב 12,₪ 1 500 000,"דירה, נאות שקמה, שדרות",4 חדרים • קומה 7 • 126 מ״ר,"ממ""ד, נוף פתוח לפארק, חניה",https://img.yad2.co.il/Pic/202506/18/2_1/o/y2_1pa_010874_20250618005950.jpeg,,1500000.0,4.0,126.0,7.0,שדרות,,11904.761904761905
ביאליק 78,₪ 4 190 000,"דירה, שכונת גפן, רמת גן",3 חדרים • קומה 14 • 102 מ״ר,"ממ""ד, 3 כיווני אוויר, חניה",https://img.yad2.co.il/Pic/202509/13/2_1/o/y2_1pa_010077_20250913122516.jpeg,,4190000.0,3.0,102.0,14.0,רמת גן,,41078.43137254902
ארזה 20,₪ 6 750 000,"דירת גן, מוצא עילית, מוצא עילית",5 חדרים • קומה קרקע • 307 מ״ר,"ממ""ד, נוף פתוח לפארק, חניה",https://img.yad2.co.il/Pic/202506/30/2_1/o/y2_1pa_010510_20250630214019.jpeg,,6750000.0,5.0,307.0,4.0,מוצא עילית,,21986.970684039086
הדקל 7,₪ 3 800 000,"דירה, רובע א', אשדוד",5 חדרים • קומה 14 • 168 מ״ר,"3 חדרי מקלחת, 3 כיווני אוויר, חדש מקבלן",https://img.yad2.co.il/Pic/202509/07/2_1/o/y2_1pa_010713_20250907150931.jpeg,,3800000.0,3.0,168.0,14.0,אשדוד,,22619.04761904762
נחל צלמון 5,₪ 2 250 000,"דירה, צור יצחק, צור יצחק",4 חדרים • קומה 3 • 134 מ״ר,"ממ""ד, 3 כיווני אוויר, חניה",https://img.yad2.co.il/Pic/202509/07/2_1/o/y2_1pa_010079_20250907110725.jpeg,,2250000.0,4.0,134.0,3.0,צור יצחק,,16791.044776119405
דגן 13,₪ 3 100 000,"דירה, צריפין החדשה, באר יעקב",5 חדרים • קומה 15 • 139 מ״ר,"ממ""ד, 3 כיווני אוויר, חניה",https://img.yad2.co.il/Pic/202509/04/2_1/o/y2_1pa_010445_20250904204521.jpeg,,3100000.0,5.0,139.0,15.0,באר יעקב,,22302.158273381294
שדרות בן גוריון 1,₪ 3 426 000,"דירה, המושבה הגרמנית, גדרה",6 חדרים • קומה 2 • 153 מ״ר,"4 חדרי מקלחת, חניה, חדש מקבלן",https://img.yad2.co.il/Pic/202509/07/2_1/o/y2_1pa_010737_20250907142320.jpeg,,3426000.0,4.0,153.0,2.0,גדרה,,22392.156862745098
יפה ירקוני,₪ 3 588 000,"דירה, דרום חדש, פארק הים, בת ים",5 חדרים • קומה 15 • 127 מ״ר,"ממ""ד, חניה, נכס חדש",https://img.yad2.co.il/Pic/202507/10/2_5/o/y2_1pa_994267_20250710125538.jpeg,,3588000.0,5.0,127.0,15.0,בת ים,,28251.96850393701
משה קול,₪ 4 180 000,"דירה, בית הכרם, רמת בית הכרם, ירושלים",4 חדרים • קומה 2 • 94 מ״ר,"ממ""ד, חניה, מטבח גדול",https://img.yad2.co.il/Pic/202507/26/2_5/o/y2_1pa_010988_20250726234421.jpeg,,4180000.0,4.0,94.0,2.0,ירושלים,,44468.085106382976
רמת אביב ג',₪ 5 490 000,"דירה, רמת אביב ג', תל אביב יפו",4 חדרים • קומה 10 • 127 מ״ר,"חניה, חבל לפספס, בהזדמנות",https://img.yad2.co.il/Pic/202502/14/2_5/o/y2_1pa_010901_20250214141254.jpeg,,5490000.0,4.0,127.0,10.0,תל אביב יפו,,43228.34645669291
יפה רום,₪ 3 780 000,"גג/ פנטהאוז, גילה, ירושלים",5 חדרים • קומה 3 • 128 מ״ר,"ממ""ד, חניה, בניין משופץ",https://assets.yad2.co.il/y2_frontend/global/images/small_image_placeholder.svg,,3780000.0,5.0,128.0,3.0,Unknown,"פנטהאוז, גילה, ירושלים",29531.25
המרי 22,₪ 3 095 000,"דירה, שינקין, גבעתיים",3 חדרים • קומה קרקע • 112 מ״ר,"ממ""ד, חניה, חדש מקבלן",https://img.yad2.co.il/Pic/202211/13/2_5/o/y2_1_R3BslHMdin_20221113.jpg,,3095000.0,3.0,112.0,4.0,גבעתיים,,27633.928571428572
ברנע,₪ 2 080 000,"דירה, ברנע, אשקלון",5 חדרים • קומה 4 • 138 מ״ר,"ממ""ד, חניה, נכס חדש",https://img.yad2.co.il/Pic/202412/13/2_5/o/y2_1pa_010874_20241213081852.jpeg,,2080000.0,5.0,138.0,4.0,אשקלון,,15072.463768115942
בית פרטי/ קוטג',₪ 16 990 000,"בית פרטי/ קוטג', סביון",9 חדרים • קומה קרקע • 2200 מ״ר,"ממ""ד, חבל לפספס, בהזדמנות",https://img.yad2.co.il/Pic/202308/13/2_5/o/y2_6__nniTH7rdR_20230813.png,,16990000.0,9.0,2200.0,4.0,Unknown,"קוטג', סביון",7722.727272727273
גיורא יוספטל,₪ 1 190 000,"דירה, קרית ים",3 חדרים • קומה 2 • 60 מ״ר,"ייחודי, חבל לפספס, בהזדמנות",https://img.yad2.co.il/Pic/202409/22/2_5/o/y2_1pa_010222_20240922232215.jpeg,,1190000.0,3.0,60.0,2.0,קרית ים,,19833.333333333332
"ביל""ו",₪ 1 765 000,"דירה, מרכז, קרית עבודה, חולון",2.5 חדרים • קומה 2 • 62 מ״ר,"חניה, בניין משופץ, קיבל היתר להתחדשות עירונית",https://img.yad2.co.il/Pic/202501/13/2_5/o/y2_1_Zk1DkMdVx3_20250113.jpg,,1765000.0,2.5,62.0,2.0,חולון,,28467.74193548387
נווה עובד,₪ 2 380 000,"מגרשים, נווה עובד, גן יבנה",קומה קרקע • 330 מ״ר,"ייחודי, חבל לפספס, בהזדמנות",https://assets.yad2.co.il/y2_frontend/global/images/small_image_placeholder.svg,,2380000.0,4.0,330.0,4.0,גן יבנה,,7212.121212121212
בארט,₪ 5 100 000,"דירה, נווה אביבים, תל אביב יפו",4 חדרים • קומה 1 • 126 מ״ר,"ממ""ד, חניה, נכס חדש",https://img.yad2.co.il/Pic/202505/05/2_5/o/y2_1pa_010717_20250505022554.jpeg,,5100000.0,4.0,126.0,1.0,תל אביב יפו,,40476.19047619047
ליאון בלום,₪ 1 480 000,"דירה, חיפה",2.5 חדרים • קומה 15 • 120 מ״ר,"2 מרפסות, קרוב לים, בניין משופץ",https://img.yad2.co.il/Pic/202509/09/2_5/o/y2_1pa_010550_20250909112101.jpeg,,1480000.0,2.5,2.0,15.0,חיפה,,740000.0
עמוס עוז 7,₪ 3 850 000,"דירה, גליל ים (מתחם הכוכבים), הרצליה",4 חדרים • קומה 6 • 104 מ״ר,"ממ""ד, חניה, נכס חדש",https://img.yad2.co.il/Pic/202509/07/2_5/o/y2_1pa_010673_20250907200414.jpeg,,3850000.0,4.0,104.0,6.0,הרצליה,,37019.230769230766
אריה לוין 3,₪ 2 350 000,"דירה, שיפר, פתח תקווה",5 חדרים • קומה 4 • 127 מ״ר,"2 מרפסות, ממ""ד, חניה",https://img.yad2.co.il/Pic/202503/05/2_5/o/y2_1pa_010774_20250305114152.jpeg,,2350000.0,5.0,2.0,4.0,פתח תקווה,,1175000.0
טיומקין,₪ 4 090 000,"דירה, לב תל אביב, לב העיר צפון, תל אביב יפו",4 חדרים • קומה קרקע • 100 מ״ר,"חניה, חבל לפספס, בהזדמנות",https://img.yad2.co.il/Pic/202508/26/2_5/o/y2_1pa_010451_20250826021504.jpeg,,4090000.0,4.0,100.0,4.0,תל אביב יפו,,40900.0
"החי""ל",₪ 3 190 000,"דירה, נגבה, רמת גן",4 חדרים • קומה 4 • 88 מ״ר,"ממ""ד, חניה, נכס חדש",https://img.yad2.co.il/Pic/202508/14/2_5/o/y2_1pa_010360_20250814124846.jpeg,,3190000.0,4.0,88.0,4.0,רמת גן,,36250.0
אסף,₪ 4 400 000,"דירה, חרוזים, רמת גן",5 חדרים • קומה 5 • 108 מ״ר,"ממ""ד, חניה, נכס חדש",https://img.yad2.co.il/Pic/202507/20/2_5/o/y2_15_TkMXhjoKrP_20250720.jpg,,4400000.0,5.0,108.0,5.0,רמת גן,,40740.74074074074
הדרי סמל,₪ 4 530 000,"דירה, הדרי סמל, נס ציונה",6 חדרים • קומה 6 • 154 מ״ר,"ממ""ד, חניה, בניין משופץ",https://img.yad2.co.il/Pic/202508/31/2_5/o/y2_1_FyFGqYW_8X_20250831.jpeg,,4530000.0,6.0,154.0,6.0,נס ציונה,,29415.584415584417
בית פרטי/ קוטג',₪ 3 370 000,"בית פרטי/ קוטג', אילת",5 חדרים • קומה קרקע • 1 מ״ר,"ממ""ד, חניה, משופצת אדריכלית",https://img.yad2.co.il/Pic/202503/15/2_5/o/y2_1pa_010244_20250315190849.jpeg,,3370000.0,5.0,1.0,4.0,Unknown,"קוטג', אילת",3370000.0
משה קול,₪ 4 050 000,"דירה, בית הכרם, רמת בית הכרם, ירושלים",4 חדרים • קומה 2 • 100 מ״ר,"ממ""ד, חניה, מטבח גדול",https://img.yad2.co.il/Pic/202507/23/2_5/o/y2_1pa_010707_20250723152428.jpeg,,4050000.0,4.0,100.0,2.0,ירושלים,,40500.0
שקד 10,₪ 2 250 000,"דירה, נווה עופר, תל כביר, תל אביב יפו",3 חדרים • קומה 3 • 65 מ״ר,"ייחודי, חבל לפספס, בהזדמנות",https://img.yad2.co.il/Pic/202509/02/2_1/o/y2_1pa_010489_20250902221147.jpeg,,2250000.0,3.0,65.0,3.0,תל אביב יפו,,34615.38461538462
מבוא דלתון 6,₪ 6 980 000,"בית פרטי/ קוטג', כוכב יאיר, כוכב יאיר / צור יגאל",6.5 חדרים • קומה קרקע • 800 מ״ר,"3 חדרי מקלחת, 4 כיווני אוויר, חניה",https://img.yad2.co.il/Pic/202508/13/2_1/o/y2_1_01928_20250813060837.jpeg,,6980000.0,3.0,800.0,4.0,Unknown,"קוטג', כוכב יאיר, כוכב יאיר",8725.0
הדרור 15,₪ 2 750 000,"דירה, המרכז, קרית אונו",5 חדרים • קומה 4 • 125 מ״ר,"ממ""ד, 3 כיווני אוויר, נוף פתוח לפארק",https://img.yad2.co.il/Pic/202505/03/2_1/o/y2_1_06863_20250503221519.jpeg,,2750000.0,5.0,125.0,4.0,קרית אונו,,22000.0
ברכה פולד 8,₪ 1 375 000,"דירה, גבעה א', שביט, קרית אתא",4 חדרים • קומה קרקע • 150 מ״ר,"2 מרפסות, 3 כיווני אוויר, בניין משופץ",https://img.yad2.co.il/Pic/202509/14/2_1/o/y2_2_07319_20250914105905.jpeg,,1375000.0,4.0,2.0,4.0,קרית אתא,,687500.0
לויתן 1,₪ 7 400 000,"דירה, חוף הזהב, נתניה",3 חדרים • קומה 15 • 146 מ״ר,"ממ""ד, חניה, חדש מקבלן",https://img.yad2.co.il/Pic/202509/09/2_1/o/y2_1pa_010430_20250909171051.jpeg,,7400000.0,3.0,146.0,15.0,נתניה,,50684.931506849316
החלוץ 24,₪ 4 590 000,"דירה, הרצליה הירוקה, נווה עובד, הרצליה",5 חדרים • קומה 6 • 130 מ״ר,"ממ""ד, חניה, חדש מקבלן",https://img.yad2.co.il/Pic/202509/07/2_1/o/y2_1pa_010735_20250907130120.jpeg,,4590000.0,5.0,130.0,6.0,הרצליה,,35307.692307692305
"זלמן שז""ר 26",₪ 2 690 000,"דירה, נווה עופר, תל כביר, תל אביב יפו",3 חדרים • קומה 7 • 63 מ״ר,"נוף פתוח לים, חניה, בהזדמנות",https://img.yad2.co.il/Pic/202509/20/2_1/o/y2_1_03356_20250920112140.jpeg,,2690000.0,3.0,63.0,7.0,תל אביב יפו,,42698.4126984127
משה שרת 38,₪ 5 300 000,"דירת גן, הצפון החדש - כיכר המדינה, תל אביב יפו",3 חדרים • קומה קרקע • 120 מ״ר,"ממ""ד, חניה, חדש מקבלן",https://img.yad2.co.il/Pic/202509/07/2_1/o/y2_1pa_010839_20250907102028.jpeg,,5300000.0,3.0,120.0,4.0,הצפון החדש,"כיכר המדינה, תל אביב יפו",44166.666666666664
המפל 5,₪ 2 650 000,"דירה, שער הגיא, יקנעם עילית",5 חדרים • קומה 1 • 148 מ״ר,"ממ""ד, חניה, יחידת הורים",https://img.yad2.co.il/Pic/202509/13/2_1/o/y2_1_06147_20250913161031.jpeg,,2650000.0,5.0,148.0,1.0,יקנעם עילית,,17905.405405405407
המיל השלישי 1,₪ 2 700 000,"דירה, עיר היין, אשקלון",6 חדרים • קומה 3 • 146 מ״ר,"3 חדרי מקלחת, חניה, חדש מקבלן",https://img.yad2.co.il/Pic/202509/07/2_1/o/y2_1pa_010792_20250907143152.jpeg,,2700000.0,3.0,146.0,3.0,אשקלון,,18493.15068493151
כצנלסון 5,₪ 3 100 000,"דירת גן, קרית עמל, קרית טבעון",5 חדרים • קומה 1 • 330 מ״ר,"ממ""ד, נוף פתוח לפארק, חניה",https://img.yad2.co.il/Pic/202509/05/2_1/o/y2_1pa_010685_20250905170954.jpeg,,3100000.0,5.0,330.0,1.0,קרית טבעון,,9393.939393939394
בית לחם 7,₪ 3 590 000,"דירת גן, קרית שרת מערב, חולון",4 חדרים • קומה קרקע • 198 מ״ר,"ממ""ד, 3 כיווני אוויר, חניה",https://img.yad2.co.il/Pic/202509/07/2_1/o/y2_1pa_010151_20250907102837.jpeg,,3590000.0,4.0,198.0,4.0,חולון,,18131.31313131313
אליעזר בן יהודה 15,₪ 2 285 000,"דירה, המרכז השקט / מרכז העיר, פתח תקווה",4 חדרים • קומה 6 • 130 מ״ר,"3 מרפסות, 3 כיווני אוויר, חניה",https://img.yad2.co.il/Pic/202509/11/2_1/o/y2_1pa_010441_20250911104546.jpeg,,2285000.0,4.0,3.0,6.0,המרכז השקט,"מרכז העיר, פתח תקווה",761666.6666666666
שדרות קדש 5,₪ 1 950 000,"דירה, ברנע, אשקלון",5 חדרים • קומה 7 • 147 מ״ר,"2 מרפסות, ממ""ד, חניה",https://img.yad2.co.il/Pic/202509/07/2_1/o/y2_1pa_010147_20250907150734.jpeg,,1950000.0,5.0,2.0,7.0,אשקלון,,975000.0
הרב יצחק שלינקה 3,₪ 3 900 000,"דירה, נחלת יהודה, ראשון לציון",5 חדרים • קומה 5 • 20 מ״ר,"ממ""ד, חניה, בהזדמנות",https://img.yad2.co.il/Pic/202509/03/2_1/o/y2_1_05648_20250903191224.jpeg,,3900000.0,5.0,20.0,5.0,ראשון לציון,,195000.0
דבורה הנביאה 21,₪ 7 800 000,"דירת גן, גני צהלה, רמות צהלה, תל אביב יפו",6 חדרים • קומה קרקע • 370 מ״ר,"3 חדרי מקלחת, 3 כיווני אוויר, חניה",https://img.yad2.co.il/Pic/202508/31/2_1/o/y2_1pa_010560_20250831170419.jpeg,,7800000.0,3.0,370.0,4.0,תל אביב יפו,,21081.08108108108
פרץ חיות 1,₪ 6 000 000,"דירה, לב תל אביב, לב העיר צפון, תל אביב יפו",4 חדרים • קומה 3 • 91 מ״ר,"3 כיווני אוויר, נוף פתוח לעיר, חניה",https://img.yad2.co.il/Pic/202507/06/2_1/o/y2_1pa_010443_20250706210435.jpeg,,6000000.0,4.0,91.0,3.0,תל אביב יפו,,65934.06593406593
רבי פנחס בן יאיר 21,₪ 2 520 000,"דירה, אלעד, אלעד",4 חדרים • קומה 1 • 145 מ״ר,"2 מרפסות, ממ""ד, חניה",https://assets.yad2.co.il/y2_frontend/global/images/small_image_placeholder.svg,,2520000.0,4.0,2.0,1.0,אלעד,,1260000.0
התורמוס 21,₪ 3 690 000,"דירה, קרית ראשון, ראשון לציון",5 חדרים • קומה 3 • 160 מ״ר,"3 חדרי מקלחת, 3 כיווני אוויר, חניה",https://img.yad2.co.il/Pic/202509/14/2_1/o/y2_1_04548_20250914164330.jpeg,,3690000.0,3.0,160.0,3.0,ראשון לציון,,23062.5
הגאון אליהו,₪ 2 650 000,"דירה, מרום נווה, רמת יצחק, רמת גן",4 חדרים • קומה 4 • 107 מ״ר,"ממ""ד, חניה, יחידת הורים",https://img.yad2.co.il/Pic/202504/22/2_5/o/y2_1_op7Hk1T3AB_20250422.jpeg,,2650000.0,4.0,107.0,4.0,רמת גן,,24766.355140186915
דרך הטייסים 78,₪ 2 450 000,"דירה, נווה חן, תל אביב יפו",4 חדרים • קומה 4 • 112 מ״ר,"2 מרפסות, ממ""ד, חניה",https://img.yad2.co.il/Pic/202502/02/2_5/o/y2_5_38p9offvjU_20250202.jpg,,2450000.0,4.0,2.0,4.0,תל אביב יפו,,1225000.0
בית פרטי/ קוטג',₪ 3 900 000,"בית פרטי/ קוטג', בית דגן",6 חדרים • קומה קרקע • 170 מ״ר,"ממ""ד, חניה, מטבח גדול",https://img.yad2.co.il/Pic/202411/10/2_5/o/y2_1pa_010885_20241110222958.jpeg,,3900000.0,6.0,170.0,4.0,Unknown,"קוטג', בית דגן",22941.176470588234
אריאל שרון,₪ 2 620 000,"גג/ פנטהאוז, נתיבות",5 חדרים • קומה 9 • 220 מ״ר,"2 מרפסות, ממ""ד, חניה",https://img.yad2.co.il/Pic/202509/09/2_5/o/y2_1pa_010014_20250909132317.jpeg,,2620000.0,5.0,2.0,9.0,Unknown,"פנטהאוז, נתיבות",1310000.0
דירה,₪ 2 950 000,"דירה, רמת השרון",4 חדרים • קומה 11 • 102 מ״ר,"ממ""ד, חניה, נכס חדש",https://img.yad2.co.il/Pic/202509/04/2_5/o/y2_1_AZozVfuqVT_20250904.jpg,,2950000.0,4.0,102.0,11.0,רמת השרון,,28921.56862745098
החלוץ,₪ 3 490 000,"דירה, בית הכרם, רמת בית הכרם, ירושלים",3 חדרים • קומה 1 • 77 מ״ר,"חניה, בניין משופץ, בהזדמנות",https://img.yad2.co.il/Pic/202506/09/2_5/o/y2_1pa_010483_20250609115327.jpeg,,3490000.0,3.0,77.0,1.0,ירושלים,,45324.67532467532
"ביל""ו 48",₪ 3 650 000,"דירה, לב תל אביב, לב העיר צפון, תל אביב יפו",2.5 חדרים • קומה קרקע • 63 מ״ר,"בניין משופץ, חבל לפספס, בהזדמנות",https://img.yad2.co.il/Pic/202507/10/2_5/o/y2_1pa_010829_20250710150530.jpeg,,3650000.0,2.5,63.0,4.0,תל אביב יפו,,57936.50793650794
השבטים,₪ 1 100 000,"בית פרטי/ קוטג', גבעת ציון וגבעת הפרחים, אשקלון",4 חדרים • קומה קרקע • 150 מ״ר,"2 מרפסות, חניה, בהזדמנות",https://img.yad2.co.il/Pic/202508/18/2_5/o/y2_2_rMcG0S2wNG_20250818.jpg,,1100000.0,4.0,2.0,4.0,Unknown,"קוטג', גבעת ציון וגבעת הפרחים, אשקלון",550000.0
יד ושם,₪ 429 000,"דירה, באר שבע",1 חדרים • קומה 13 • 48 מ״ר,"ייחודי, חבל לפספס, בהזדמנות",https://img.yad2.co.il/Pic/202509/17/2_5/o/y2_1pa_010925_20250917121937.jpeg,,429000.0,1.0,48.0,13.0,באר שבע,,8937.5
קטמון הישנה,₪ 3 350 000,"דירה, קטמון הישנה, ירושלים",3 חדרים • קומה 3 • 77 מ״ר,"חניה, חבל לפספס, בהזדמנות",https://img.yad2.co.il/Pic/202506/11/2_5/o/o2_5_1_997744_20250611163838.jpg,,3350000.0,3.0,77.0,3.0,ירושלים,,43506.493506493505
בית פרטי/ קוטג',₪ 8 990 000,"בית פרטי/ קוטג', בית יהושע",7 חדרים • קומה קרקע • 506 מ״ר,"2 מרפסות, ממ""ד, חניה",https://img.yad2.co.il/Pic/202504/15/2_5/o/y2_1_TB5XKZ038D_20250415.jpeg,,8990000.0,7.0,2.0,4.0,Unknown,"קוטג', בית יהושע",4495000.0
מיכל לייב כץ,₪ 2 275 000,"דירה, כפר גנים ב, פתח תקווה",4 חדרים • קומה 1 • 100 מ״ר,"חניה, יחידת הורים, בניין משופץ",https://img.yad2.co.il/Pic/202504/21/2_5/o/y2_1pa_010727_20250421175000.jpeg,,2275000.0,4.0,100.0,1.0,פתח תקווה,,22750.0
התפוח,₪ 4 900 000,"בית פרטי/ קוטג', קדימה צורן",7 חדרים • קומה קרקע • 333 מ״ר,"2 מרפסות, ממ""ד, חניה",https://img.yad2.co.il/Pic/202404/13/2_5/o/y2_1pa_010093_20240413092201.jpeg,,4900000.0,7.0,2.0,4.0,Unknown,"קוטג', קדימה צורן",2450000.0
"הרא""ה",₪ 2 590 000,"דירה, נגבה, רמת גן",4 חדרים • קומה 2 • 87 מ״ר,"ממ""ד, חניה, גמיש במחיר",https://img.yad2.co.il/Pic/202508/13/2_5/o/o2_5_1_01155_20250813115443.jpg,,2590000.0,4.0,87.0,2.0,רמת גן,,29770.114942528737
שיבת ציון 3,₪ 6 700 000,"גג/ פנטהאוז, נווה שאנן, תל אביב יפו",3 חדרים • קומה 6 • 140 מ״ר,"ממ""ד, חניה, נכס חדש",https://img.yad2.co.il/Pic/202509/16/2_5/o/y2_1pa_010389_20250916174340.jpeg,,6700000.0,3.0,140.0,6.0,Unknown,"פנטהאוז, נווה שאנן, תל אביב יפו",47857.142857142855
אנילביץ' 11,₪ 2 390 000,"דירה, לב העיר, בת ים",3 חדרים • קומה 10 • 85 מ״ר,"ממ""ד, חניה, נכס חדש",https://img.yad2.co.il/Pic/202506/19/2_5/o/y2_1pa_010750_20250619202015.jpeg,,2390000.0,3.0,85.0,10.0,בת ים,,28117.647058823528
שער הגיא 12,₪ 2 139 000,"גג/ פנטהאוז, אריאל",6 חדרים • קומה 2 • 159 מ״ר,"2 מרפסות, ממ""ד, חניה",https://img.yad2.co.il/Pic/202504/01/2_5/o/y2_1_CaWCFgwvmD_20250401.jpg,,2139000.0,6.0,2.0,2.0,Unknown,"פנטהאוז, אריאל",1069500.0
רות,₪ 2 290 000,"דירת גן, שעריה, פתח תקווה",4 חדרים • קומה 1 • 140 מ״ר,"חניה, חבל לפספס, בהזדמנות",https://img.yad2.co.il/Pic/202502/26/2_5/o/y2_1pa_010465_20250226160024.jpeg,,2290000.0,4.0,140.0,1.0,פתח תקווה,,16357.142857142857
המחנה הצבאי,₪ 1 850 000,"דירה, המחנה הצבאי, קרית מלאכי",4 חדרים • קומה 3 • 120 מ״ר,"ממ""ד, חניה, נכס חדש",https://img.yad2.co.il/Pic/202503/17/2_5/o/y2_1pa_010153_20250317173024.jpeg,,1850000.0,4.0,120.0,3.0,קרית מלאכי,,15416.666666666666
דירה,₪ 1 389 000,"דירה, נתיבות",4 חדרים • קומה 3 • 122 מ״ר,"ממ""ד, חניה, בניין משופץ",https://img.yad2.co.il/Pic/202507/21/2_5/o/y2_1pa_010065_20250721185653.jpeg,,1389000.0,4.0,122.0,3.0,נתיבות,,11385.245901639344
החרוב 221,₪ 4 000 000,"בית פרטי/ קוטג', לימן, לימן",8.5 חדרים • קומה קרקע • 560 מ״ר,"2 מרפסות, 3 חדרי מקלחת, 4 כיווני אוויר",https://img.yad2.co.il/Pic/202509/14/2_1/o/y2_1_01600_20250914231811.jpeg,,4000000.0,3.0,2.0,4.0,Unknown,"קוטג', לימן, לימן",2000000.0
מקלב 8,₪ 3 200 000,"דירה, ליבת העיר, יהוד מונוסון",4 חדרים • קומה 7 • 120 מ״ר,"ממ""ד, נוף פתוח לפארק, חניה",https://img.yad2.co.il/Pic/202509/02/2_1/o/y2_1_08769_20250902215844.jpeg,,3200000.0,4.0,120.0,7.0,יהוד מונוסון,,26666.666666666668
דן 16,₪ 2 555 000,"בית פרטי/ קוטג', שיכון ה', קרית שמונה",8 חדרים • קומה קרקע • 700 מ״ר,"3 מרפסות, 3 חדרי מקלחת, 4 כיווני אוויר",https://img.yad2.co.il/Pic/202508/22/2_1/o/y2_1pa_010710_20250822011747.jpeg,,2555000.0,3.0,3.0,4.0,Unknown,"קוטג', שיכון ה', קרית שמונה",851666.6666666666
הרצל 62,₪ 3 750 000,"דירה, עצמאות יוספטל, בת ים",5 חדרים • קומה 8 • 120 מ״ר,"ממ""ד, 4 כיווני אוויר, חניה",https://img.yad2.co.il/Pic/202509/02/2_1/o/y2_1pa_010144_20250902053831.jpeg,,3750000.0,5.0,120.0,8.0,בת ים,,31250.0
גדעון האוזנר 55,₪ 1 820 000,"דירה, רמות הרכס, באר שבע",5 חדרים • קומה 3 • 150 מ״ר,"3 חדרי מקלחת, נוף פתוח לפארק, חניה",https://img.yad2.co.il/Pic/202507/01/2_1/o/y2_1pa_010132_20250701162724.jpeg,,1820000.0,3.0,150.0,3.0,באר שבע,,12133.333333333334
הלוטם 1,₪ 3 800 000,"דירה, רמת פולג, נתניה",5 חדרים • קומה 15 • 159 מ״ר,"3 חדרי מקלחת, ממ""ד, חניה",https://img.yad2.co.il/Pic/202509/02/2_1/o/y2_1pa_010342_20250902094306.jpeg,,3800000.0,3.0,159.0,15.0,נתניה,,23899.37106918239
ציפורן 5,₪ 2 050 000,"גג/ פנטהאוז, נווה נוף, אקדמאים, לוד",4.5 חדרים • קומה 3 • 160 מ״ר,"2 מרפסות, 3 כיווני אוויר, חניה",https://img.yad2.co.il/Pic/202509/03/2_1/o/y2_1pa_010212_20250903191250.jpeg,,2050000.0,4.5,2.0,3.0,Unknown,"פנטהאוז, נווה נוף, אקדמאים, לוד",1025000.0
הרב הרצוג 22,₪ 2 800 000,"דירה, לב העיר, בת ים",4 חדרים • קומה 2 • 109 מ״ר,"ממ""ד, 4 כיווני אוויר, חניה",https://img.yad2.co.il/Pic/202507/08/2_1/o/y2_1pa_010330_20250708170550.jpeg,,2800000.0,4.0,109.0,2.0,בת ים,,25688.07339449541
המתמיד 8,₪ 5 500 000,"בית פרטי/ קוטג', רובע ה', אשדוד",7 חדרים • קומה קרקע • 430 מ״ר,"4 חדרי מקלחת, 4 כיווני אוויר, חניה",https://img.yad2.co.il/Pic/202509/02/2_1/o/y2_1pa_010202_20250902180641.jpeg,,5500000.0,4.0,430.0,4.0,Unknown,"קוטג', רובע ה', אשדוד",12790.697674418605
עמנואל אולסבנגר 112,₪ 2 245 000,"דירה, קרית היובל, ירושלים",3 חדרים • קומה 1 • 60 מ״ר,"נוף פתוח לפארק, חבל לפספס, בהזדמנות",https://img.yad2.co.il/Pic/202509/03/2_1/o/y2_1_04060_20250903102248.jpeg,,2245000.0,3.0,60.0,1.0,ירושלים,,37416.666666666664
אילת 35,₪ 2 600 000,"דירה, נאות רחל, חולון",4 חדרים • קומה 5 • 120 מ״ר,"4 חדרי מקלחת, 3 כיווני אוויר, חניה",https://img.yad2.co.il/Pic/202509/18/2_1/o/y2_1pa_010244_20250918001953.jpeg,,2600000.0,4.0,120.0,5.0,חולון,,21666.666666666668
"החי""ם 27",₪ 3 600 000,"בית פרטי/ קוטג', תל גיבורים, חולון",8 חדרים • קומה קרקע • 194 מ״ר,"ממ""ד, נכס חדש, יחידת הורים",https://img.yad2.co.il/Pic/202509/03/2_1/o/y2_1pa_010757_20250903192436.jpeg,,3600000.0,8.0,194.0,4.0,Unknown,"קוטג', תל גיבורים, חולון",18556.701030927834
הערמונים 12,₪ 2 400 000,"דירת גן, רמות יצחק, נשר",4.5 חדרים • קומה 1 • 112 מ״ר,"3 כיווני אוויר, חניה, בניין משופץ",https://img.yad2.co.il/Pic/202509/03/2_1/o/y2_1_03327_20250903114241.jpeg,,2400000.0,4.5,112.0,1.0,נשר,,21428.571428571428
הרשת 17,₪ 2 270 000,"דירה, לב העיר, בת ים",4 חדרים • קומה 2 • 87 מ״ר,"ממ""ד, נכס עורפי, קרוב לים",https://img.yad2.co.il/Pic/202509/15/2_1/o/y2_1pa_010990_20250915182404.jpeg,,2270000.0,4.0,87.0,2.0,בת ים,,26091.954022988506
הקונכייה 20,₪ 2 350 000,"דירה, עיר ימים / הבלוט, אשקלון",4 חדרים • קומה 3 • 120 מ״ר,"ממ""ד, 4 כיווני אוויר, חניה",https://img.yad2.co.il/Pic/202509/01/2_1/o/y2_1pa_010279_20250901180108.jpeg,,2350000.0,4.0,120.0,3.0,עיר ימים,"הבלוט, אשקלון",19583.333333333332
דגל ראובן 31,₪ 2 350 000,"דירה, כפר גנים א, פתח תקווה",4 חדרים • קומה 2 • 110 מ״ר,"3 כיווני אוויר, נוף פתוח לעיר, חניה",https://img.yad2.co.il/Pic/202509/04/2_1/o/y2_1pa_010677_20250904115251.jpeg,,2350000.0,4.0,110.0,2.0,פתח תקווה,,21363.636363636364
תמר 35,₪ 3 800 000,"בית פרטי/ קוטג', נווה נוי, באר שבע",5 חדרים • קומה קרקע • 500 מ״ר,"ממ""ד, 4 כיווני אוויר, חניה",https://img.yad2.co.il/Pic/202509/15/2_1/o/y2_1pa_010805_20250915184512.jpeg,,3800000.0,5.0,500.0,4.0,Unknown,"קוטג', נווה נוי, באר שבע",7600.0
סוקולוב 24,₪ 1 750 000,"דירה, מרכז, קרית עבודה, חולון",3 חדרים • קומה 1 • 78 מ״ר,"ייחודי, חבל לפספס, בהזדמנות",https://assets.yad2.co.il/y2_frontend/global/images/small_image_placeholder.svg,,1750000.0,3.0,78.0,1.0,חולון,,22435.897435897437
אדגר דגה,₪ 2 680 000,"דו משפחתי, גבעת טל, קרית אתא",5 חדרים • קומה קרקע • 210 מ״ר,"ממ""ד, חניה, נכס חדש",https://img.yad2.co.il/Pic/202508/13/2_5/o/y2_1pa_010987_20250813100840.jpeg,,2680000.0,5.0,210.0,4.0,קרית אתא,,12761.904761904761
יוסף שפרינצק,₪ 2 700 000,"דירת גן, אחדות, פתח תקווה",4 חדרים • קומה קרקע • 96 מ״ר,"ממ""ד, חניה, בניין משופץ",https://img.yad2.co.il/Pic/202508/04/2_5/o/y2_1pa_010308_20250804102809.jpeg,,2700000.0,4.0,96.0,4.0,פתח תקווה,,28125.0
ארתור רובינשטיין,₪ 5 600 000,"דירה, הגוש הגדול, רמת אביב החדשה, נופי ים, תל אביב יפו",4 חדרים • קומה 2 • 125 מ״ר,"ממ""ד, חניה, מטבח גדול",https://img.yad2.co.il/Pic/202507/27/2_5/o/o2_5_1_02800_20250727050610.jpg,,5600000.0,4.0,125.0,2.0,תל אביב יפו,,44800.0
לאה פורת,₪ 4 465 000,"בית פרטי/ קוטג', ירושלים",6 חדרים • קומה קרקע • 147 מ״ר,"2 מרפסות, ממ""ד, יחידת הורים",https://img.yad2.co.il/Pic/202508/11/2_5/o/y2_1pa_010829_20250811133310.jpeg,,4465000.0,6.0,2.0,4.0,Unknown,"קוטג', ירושלים",2232500.0
הדר יוסף,₪ 10 500 000,"דו משפחתי, הדר יוסף, תל אביב יפו",8 חדרים • קומה קרקע • 220 מ״ר,"חניה, משופצת אדריכלית, בניין משופץ",https://img.yad2.co.il/Pic/202508/17/2_5/o/o2_5_1_07222_20250817102429.jpg,,10500000.0,8.0,220.0,4.0,תל אביב יפו,,47727.27272727273
נתיב חטיבת גולני,₪ 850 000,"דירה, עכו",3 חדרים • קומה 1 • 70 מ״ר,"קרוב לים, חבל לפספס, בהזדמנות",https://img.yad2.co.il/Pic/202507/03/2_5/o/y2_1pa_010357_20250703122037.jpeg,,850000.0,3.0,70.0,1.0,עכו,,12142.857142857143
בית פרטי/ קוטג',₪ 6 500 000,"בית פרטי/ קוטג', תל מונד",6 חדרים • קומה קרקע • 320 מ״ר,"ממ""ד, חניה, גמיש במחיר",https://img.yad2.co.il/Pic/202506/23/2_5/o/y2_1pa_010693_20250623162854.jpeg,,6500000.0,6.0,320.0,4.0,Unknown,"קוטג', תל מונד",20312.5
נופך 24,₪ 2 190 000,"דירה, כרמי גת, קרית גת",5 חדרים • קומה 2 • 127 מ״ר,"ממ""ד, חניה, נכס חדש",https://img.yad2.co.il/Pic/202506/30/2_5/o/y2_1pa_010757_20250630150632.jpeg,,2190000.0,5.0,127.0,2.0,קרית גת,,17244.094488188977
טירת שלום,₪ 7 200 000,"בית פרטי/ קוטג', טירת שלום, נס ציונה",7 חדרים • קומה קרקע • 294 מ״ר,"ממ""ד, חניה, נכס חדש",https://img.yad2.co.il/Pic/202508/06/2_5/o/y2_8_eFpxZH0CRb_20250806.jpeg,,7200000.0,7.0,294.0,4.0,Unknown,"קוטג', טירת שלום, נס ציונה",24489.79591836735
גג/ פנטהאוז,₪ 8 490 000,"גג/ פנטהאוז, הרצליה",5 חדרים • קומה 14 • 210 מ״ר,"ממ""ד, חניה, נכס חדש",https://img.yad2.co.il/Pic/202504/27/2_5/o/y2_1pa_010964_20250427105504.jpeg,,8490000.0,5.0,210.0,14.0,Unknown,"פנטהאוז, הרצליה",40428.57142857143
שדרות ההשכלה 17,₪ 5 290 000,"דירה, ביצרון ורמת ישראל, תל אביב יפו",5.5 חדרים • קומה 5 • 137 מ״ר,"ממ""ד, חניה, נכס חדש",https://img.yad2.co.il/Pic/202509/14/2_5/o/y2_1_7zlUt9WREu_20250914.jpg,,5290000.0,5.5,137.0,5.0,תל אביב יפו,,38613.13868613139
"רש""י",₪ 3 500 000,"דירת גן, בני ברק",5 חדרים • קומה קרקע • 220 מ״ר,"ממ""ד, נכס חדש, בהזדמנות",https://img.yad2.co.il/Pic/202406/30/2_5/o/y2_1_xz8phvcM3Y_20240630.jpg,,3500000.0,5.0,220.0,4.0,בני ברק,,15909.09090909091
אלכסנדר פן,₪ 2 590 000,"דירה, רובע ה', אשדוד",4 חדרים • קומה 3 • 148 מ״ר,"ממ""ד, חניה, נכס חדש",https://img.yad2.co.il/Pic/202507/17/2_5/o/y2_1pa_010780_20250717170151.jpeg,,2590000.0,4.0,148.0,3.0,אשדוד,,17500.0
כנען,₪ 2 770 000,"דירה, בית בפארק ,פרדס בחסכון, אור יהודה",4 חדרים • קומה 1 • 158 מ״ר,"ממ""ד, חניה, נכס חדש",https://img.yad2.co.il/Pic/202508/20/2_5/o/y2_1pa_010183_20250820152413.jpeg,,2770000.0,4.0,158.0,1.0,אור יהודה,,17531.645569620254
דב פרידמן,₪ 4 290 000,"דירה, שכונת הראשונים, רמת גן",4 חדרים • קומה 4 • 112 מ״ר,"ממ""ד, חניה, חבל לפספס",https://img.yad2.co.il/Pic/202508/12/2_5/o/y2_1pa_010308_20250812090922.jpeg,,4290000.0,4.0,112.0,4.0,רמת גן,,38303.57142857143
בצלאל 14,₪ 5 250 000,"דירה, הצפון החדש - דרום, תל אביב יפו",4.5 חדרים • קומה 1 • 102 מ״ר,"חניה, קרוב לפארק, בהזדמנות",https://img.yad2.co.il/Pic/202508/14/2_5/o/y2_1pa_010347_20250814112005.jpeg,,5250000.0,4.5,102.0,1.0,הצפון החדש,"דרום, תל אביב יפו",51470.58823529412
בית פרטי/ קוטג',₪ 3 700 000,"בית פרטי/ קוטג', כפר אדומים",7 חדרים • קומה קרקע • 710 מ״ר,"ממ""ד, חבל לפספס, בהזדמנות",https://img.yad2.co.il/Pic/202506/30/2_5/o/y2_1pa_010310_20250630121516.jpeg,,3700000.0,7.0,710.0,4.0,Unknown,"קוטג', כפר אדומים",5211.267605633803
אלי מויאל 1,₪ 1 730 000,"מגרשים, שדרות בפארק, שדרות",6 חדרים • קומה קרקע • 412 מ״ר,"3 חדרי מקלחת, חניה, חדש מקבלן",https://img.yad2.co.il/Pic/202509/17/2_1/o/y2_1pa_010856_20250917161028.jpeg,,1730000.0,3.0,412.0,4.0,שדרות,,4199.0291262135925
מרחבים 1322,₪ 690 000,"דירה, נווה גן, דימונה",4 חדרים • קומה 6 • 89 מ״ר,"3 כיווני אוויר, נוף פתוח לעיר, חניה",https://img.yad2.co.il/Pic/202509/01/2_1/o/y2_1pa_010495_20250901180358.jpeg,,690000.0,4.0,89.0,6.0,דימונה,,7752.808988764045
יצחק שמיר 14,₪ 3 150 000,"דירה, רמת הדר, גבעת שמואל",4 חדרים • קומה 4 • 131 מ״ר,"ממ""ד, נוף פתוח לעיר, חניה",https://img.yad2.co.il/Pic/202508/28/2_1/o/y2_1_01436_20250828103229.jpeg,,3150000.0,4.0,131.0,4.0,גבעת שמואל,,24045.801526717558
משעול החיטה 2,₪ 1 350 000,"דירת גן, קדומים, קדומים",3 חדרים • קומה קרקע • 172 מ״ר,"3 חדרי מקלחת, 3 כיווני אוויר, נוף פתוח לפארק",https://img.yad2.co.il/Pic/202508/31/2_1/o/y2_1pa_010217_20250831204503.jpeg,,1350000.0,3.0,172.0,4.0,קדומים,,7848.837209302325
דפנה 10,₪ 2 999 999,"גג/ פנטהאוז, סיגליות, באר שבע",6 חדרים • קומה 9 • 296 מ״ר,"3 חדרי מקלחת, 4 כיווני אוויר, חניה",https://img.yad2.co.il/Pic/202509/01/2_1/o/y2_1pa_010079_20250901133209.jpeg,,2999999.0,3.0,296.0,9.0,Unknown,"פנטהאוז, סיגליות, באר שבע",10135.131756756757
הנוטר 29,₪ 2 780 000,"דירת גן, קרית חיים מזרחית, חיפה",6 חדרים • קומה קרקע • 244 מ״ר,"3 כיווני אוויר, נוף פתוח לפארק, חניה",https://img.yad2.co.il/Pic/202507/15/2_1/o/y2_1pa_010221_20250715214302.jpeg,,2780000.0,6.0,244.0,4.0,חיפה,,11393.442622950819
שדרות לוי אשכול 2,₪ 6 000 000,"דירה, כוכב הצפון, תל אביב יפו",3 חדרים • קומה 3 • 94 מ״ר,"ממ""ד, נוף פתוח לפארק, חניה",https://img.yad2.co.il/Pic/202406/13/2_1/o/y2_1pa_010381_20240613191419.jpeg,,6000000.0,3.0,94.0,3.0,תל אביב יפו,,63829.78723404255
דרך בר יהודה 52,₪ 2 290 000,"דירת גן, אזור תעשיה, נשר",4 חדרים • קומה קרקע • 165 מ״ר,"ממ""ד, חניה, חדש מקבלן",https://img.yad2.co.il/Pic/202412/03/2_1/o/y2_1pa_010122_20241203100059.jpeg,,2290000.0,4.0,165.0,4.0,נשר,,13878.787878787878
השיקמה 3,₪ 2 400 000,"בית פרטי/ קוטג', רובע ב', אריאל",4 חדרים • קומה קרקע • 180 מ״ר,"3 כיווני אוויר, משופצת אדריכלית, בניין משופץ",https://img.yad2.co.il/Pic/202508/20/2_1/o/y2_1pa_010799_20250820031317.jpeg,,2400000.0,4.0,180.0,4.0,Unknown,"קוטג', רובע ב', אריאל",13333.333333333334
תבור 12,₪ 2 350 000,"דירה, בית בפארק ,פרדס בחסכון, אור יהודה",3 חדרים • קומה 10 • 110 מ״ר,"ממ""ד, 3 כיווני אוויר, חניה",https://img.yad2.co.il/Pic/202508/30/2_1/o/y2_1_06148_20250830070724.jpeg,,2350000.0,3.0,110.0,10.0,אור יהודה,,21363.636363636364
גדעון האוזנר 44,₪ 1 700 000,"דירה, רמות הרכס, באר שבע",4 חדרים • קומה 4 • 124 מ״ר,"ממ""ד, חניה, נכס חדש",https://img.yad2.co.il/Pic/202508/29/2_1/o/y2_1_04008_20250829130705.jpeg,,1700000.0,4.0,124.0,4.0,באר שבע,,13709.677419354839
שדרות ששת הימים 170,₪ 1 350 000,"דירה, אורים, מערב 2, אילת",3 חדרים • קומה 3 • 100 מ״ר,"2 מרפסות, נוף פתוח לים, חניה",https://img.yad2.co.il/Pic/202506/06/2_1/o/y2_1_02671_20250606220354.jpeg,,1350000.0,3.0,2.0,3.0,אילת,,675000.0
אופנהיימר 8,₪ 10 900 000,"דירה, נווה אביבים, תל אביב יפו",6 חדרים • קומה 5 • 176 מ״ר,"3 חדרי מקלחת, 3 כיווני אוויר, חניה",https://img.yad2.co.il/Pic/202508/30/2_1/o/y2_1pa_010683_20250830115414.jpeg,,10900000.0,3.0,176.0,5.0,תל אביב יפו,,61931.818181818184
משה שפירא 18,₪ 6 900 000,"דו משפחתי, צפון מזרח מרכז העיר, נתניה",7 חדרים • קומה קרקע • 250 מ״ר,"ממ""ד, חניה, בניין משופץ",https://img.yad2.co.il/Pic/202506/10/2_1/o/y2_1pa_010104_20250610221559.jpeg,,6900000.0,7.0,250.0,4.0,נתניה,,27600.0
קרית ספר 28,₪ 2 870 000,"דירה, כצנלסון, ראשון לציון",5 חדרים • קומה 1 • 126 מ״ר,"ממ""ד, 3 כיווני אוויר, בניין משופץ",https://img.yad2.co.il/Pic/202508/29/2_1/o/y2_1pa_010103_20250829154055.jpeg,,2870000.0,5.0,126.0,1.0,ראשון לציון,,22777.777777777777
מעיין 9,₪ 2 480 000,"דירה, נופרים, ראש העין",4.5 חדרים • קומה 15 • 132 מ״ר,"ממ""ד, 3 כיווני אוויר, חניה",https://img.yad2.co.il/Pic/202508/15/2_1/o/y2_1_06328_20250815001809.jpeg,,2480000.0,4.5,132.0,15.0,ראש העין,,18787.878787878788
שדרות דוד המלך 513,₪ 1 750 000,"דירה, גני רבין, אור עקיבא",4 חדרים • קומה 2 • 112 מ״ר,"ממ""ד, 3 כיווני אוויר, נוף פתוח לעיר",https://img.yad2.co.il/Pic/202509/14/2_1/o/y2_1_04158_20250914004902.jpeg,,1750000.0,4.0,112.0,2.0,אור עקיבא,,15625.0
הצבר 16,₪ 5 500 000,"בית פרטי/ קוטג', שאר העיר, קדימה צורן",7 חדרים • קומה קרקע • 377 מ״ר,"2 מרפסות, 4 חדרי מקלחת, 4 כיווני אוויר",https://img.yad2.co.il/Pic/202507/13/2_1/o/y2_1_01958_20250713170117.jpeg,,5500000.0,4.0,2.0,4.0,Unknown,"קוטג', שאר העיר, קדימה צורן",2750000.0
רב אלוף רפאל איתן 38,₪ 3 950 000,"דירה, רמת אפעל, רמת גן",5 חדרים • קומה 4 • 136 מ״ר,"ממ""ד, חניה, נכס חדש",https://img.yad2.co.il/Pic/202507/27/2_1/o/y2_1_07645_20250727114607.jpeg,,3950000.0,5.0,136.0,4.0,רמת גן,,29044.117647058825
הזורע,₪ 3 900 000,"בית פרטי/ קוטג', קציר",8.5 חדרים • קומה קרקע • 250 מ״ר,"2 מרפסות, ממ""ד, חניה",https://img.yad2.co.il/Pic/202208/04/2_5/o/y2_12_999797_20220804.jpg,,3900000.0,8.5,2.0,4.0,Unknown,"קוטג', קציר",1950000.0
"לח""י",₪ 3 880 000,"גג/ פנטהאוז, שז""ר / דקר, טירת כרמל",5 חדרים • קומה 20 • 121 מ״ר,"ממ""ד, חניה, נכס חדש",https://img.yad2.co.il/Pic/202509/06/2_5/o/y2_1pa_010796_20250906213326.jpeg,,3880000.0,5.0,121.0,20.0,Unknown,"פנטהאוז, שז""ר",32066.11570247934
תל חי,₪ 3 390 000,"דירה, רעננה",4 חדרים • קומה 3 • 119 מ״ר,"ממ""ד, חניה, נכס חדש",https://img.yad2.co.il/Pic/202505/14/2_5/o/y2_1_idyEZUIYN__20250514.jpg,,3390000.0,4.0,119.0,3.0,רעננה,,28487.394957983193
אדמונד סחייק,₪ 7 790 000,"גג/ פנטהאוז, מלחה, מנחת, ירושלים",6 חדרים • קומה 1 • 200 מ״ר,"ממ""ד, חניה, נכס חדש",https://img.yad2.co.il/Pic/202508/14/2_5/o/y2_1pa_010497_20250814145049.jpeg,,7790000.0,6.0,200.0,1.0,Unknown,"פנטהאוז, מלחה, מנחת, ירושלים",38950.0
יהודה הלוי,₪ 1 690 000,"דירה, לב המושבה / מרכז העיר, פתח תקווה",3 חדרים • קומה 3 • 80 מ״ר,"ייחודי, חבל לפספס, בהזדמנות",https://img.yad2.co.il/Pic/202509/11/2_5/o/y2_1pa_010810_20250911151634.jpeg,,1690000.0,3.0,80.0,3.0,לב המושבה,"מרכז העיר, פתח תקווה",21125.0
אחוזה,₪ 4 900 000,"גג/ פנטהאוז, אחוזה, חיפה",5 חדרים • קומה 6 • 130 מ״ר,"2 מרפסות, ממ""ד, חניה",https://img.yad2.co.il/Pic/202407/16/2_5/o/y2_1pa_010030_20240716150937.jpeg,,4900000.0,5.0,2.0,6.0,Unknown,"פנטהאוז, אחוזה, חיפה",2450000.0
שבו,₪ 3 230 000,"דירה, צמרות המושבה, באר יעקב",5 חדרים • קומה 2 • 125 מ״ר,"ממ""ד, חניה, נכס חדש",https://img.yad2.co.il/Pic/202507/22/2_5/o/y2_1pa_010792_20250722145217.jpeg,,3230000.0,5.0,125.0,2.0,באר יעקב,,25840.0
משק חקלאי/ נחלה,₪ 15 000 000,"משק חקלאי/ נחלה, כפר שמואל",קומה קרקע • 19500 מ״ר,"חניה, חבל לפספס, בהזדמנות",https://img.yad2.co.il/Pic/202509/07/2_5/o/y2_1_rKEoWr0_MJ_20250907.jpg,,15000000.0,4.0,19500.0,4.0,משק חקלאי,"נחלה, כפר שמואל",769.2307692307693
משעול השוהם 6,₪ 2 750 000,"דירה, בן גוריון, חולון",5.5 חדרים • קומה 5 • 134 מ״ר,"חניה, יחידת הורים, בניין משופץ",https://img.yad2.co.il/Pic/202505/25/2_5/o/y2_1_uBOKKDO1Zi_20250525.jpg,,2750000.0,5.5,134.0,5.0,חולון,,20522.388059701494
דירה,₪ 3 290 000,"דירה, הרצליה",4 חדרים • קומה 4 • 98 מ״ר,"ממ""ד, חניה, נכס חדש",https://img.yad2.co.il/Pic/202504/24/2_5/o/y2_1_gPRn9SEBoS_20250424.jpeg,,3290000.0,4.0,98.0,4.0,הרצליה,,33571.42857142857
הבנים 21,₪ 5 200 000,"דופלקס, מרכז, כפר סבא",7 חדרים • קומה 5 • 290 מ״ר,"3 מרפסות, חניה, בניין משופץ",https://img.yad2.co.il/Pic/202509/08/2_5/o/y2_1pa_010301_20250908151329.jpeg,,5200000.0,7.0,3.0,5.0,כפר סבא,,1733333.3333333333
הגליל,₪ 6 000 000,"בית פרטי/ קוטג', חבצלת, רחובות",9 חדרים • קומה קרקע • 250 מ״ר,"ממ""ד, חניה, בניין משופץ",https://img.yad2.co.il/Pic/202508/04/2_5/o/y2_2_63YZ1_JH5m_20250804.jpg,,6000000.0,9.0,250.0,4.0,Unknown,"קוטג', חבצלת, רחובות",24000.0
הגדוד העברי,₪ 1 920 000,"דירה, לב העיר, בת ים",3 חדרים • קומה 1 • 77 מ״ר,"ייחודי, חבל לפספס, בהזדמנות",https://img.yad2.co.il/Pic/202507/30/2_5/o/y2_1_zT5Hyowoau_20250730.jpeg,,1920000.0,3.0,77.0,1.0,בת ים,,24935.064935064936
שדרות הרב משה שמואל שפירא,₪ 5 200 000,"דופלקס, פארק המושבה, באר יעקב",6 חדרים • קומה 15 • 177 מ״ר,"2 מרפסות, ממ""ד, חניה",https://img.yad2.co.il/Pic/202508/25/2_5/o/y2_1pa_010152_20250825123033.jpeg,,5200000.0,6.0,2.0,15.0,באר יעקב,,2600000.0
רוטנברג,₪ 555 000,"דירה, שכונה ג', באר שבע",3 חדרים • קומה 3 • 60 מ״ר,"חניה, קרוב לפארק, בהזדמנות",https://img.yad2.co.il/Pic/202507/17/2_5/o/o2_5_1_07946_20250717101605.jpg,,555000.0,3.0,60.0,3.0,באר שבע,,9250.0
דירה,₪ 2 300 000,"דירה, תל אביב יפו",3 חדרים • קומה 3 • 70 מ״ר,"ייחודי, חבל לפספס, בהזדמנות",https://img.yad2.co.il/Pic/202502/24/2_5/o/y2_1pa_010433_20250224104105.jpeg,,2300000.0,3.0,70.0,3.0,תל אביב יפו,,32857.142857142855
משק חקלאי/ נחלה,₪ 5 500 000,"משק חקלאי/ נחלה, אומץ",קומה קרקע • 10300 מ״ר,"ייחודי, חבל לפספס, בהזדמנות",https://img.yad2.co.il/Pic/202501/28/2_5/o/y2_1_YupCSSPzU2_20250128.jpg,,5500000.0,4.0,10300.0,4.0,משק חקלאי,"נחלה, אומץ",533.9805825242719
הצפון החדש - כיכר המדינה,₪ 7 690 000,"דירה, הצפון החדש - כיכר המדינה, תל אביב יפו",5 חדרים • קומה 4 • 120 מ״ר,"ממ""ד, חניה, נכס חדש",https://img.yad2.co.il/Pic/202504/09/2_5/o/o2_5_1_05002_20250409131946.jpg,,7690000.0,5.0,120.0,4.0,הצפון החדש,"כיכר המדינה, תל אביב יפו",64083.333333333336
י.צ. מיכאלסון,₪ 6 600 000,"דירת גן, ניות, ירושלים",5 חדרים • קומה קרקע • 280 מ״ר,"ממ""ד, חניה, נכס חדש",https://img.yad2.co.il/Pic/202508/10/2_5/o/y2_1_2mP2tQm2Tx_20250810.jpeg,,6600000.0,5.0,280.0,4.0,ירושלים,,23571.428571428572
חטיבת כפיר 28,₪ 1 350 000,"דירה, רובע יזרעאל סביוני העמק, עפולה",4 חדרים • קומה 4 • 112 מ״ר,"ממ""ד, נוף פתוח לעיר, חניה",https://img.yad2.co.il/Pic/202505/27/2_1/o/y2_1pa_010030_20250527203832.jpeg,,1350000.0,4.0,112.0,4.0,עפולה,,12053.57142857143
התאנה 2,₪ 4 100 000,"דירה, קיראון, קרית אונו",5 חדרים • קומה 8 • 134 מ״ר,"3 חדרי מקלחת, חניה, חדש מקבלן",https://img.yad2.co.il/Pic/202503/09/2_1/o/y2_1pa_010491_20250309120546.jpeg,,4100000.0,3.0,134.0,8.0,קרית אונו,,30597.014925373136
משעול הערבה 29,₪ 1 480 000,"בית פרטי/ קוטג', שכונה ה', באר שבע",4.5 חדרים • קומה קרקע • 170 מ״ר,"מטבח גדול, חבל לפספס, בהזדמנות",https://img.yad2.co.il/Pic/202508/28/2_1/o/y2_1pa_010561_20250828095303.jpeg,,1480000.0,4.5,170.0,4.0,Unknown,"קוטג', שכונה ה', באר שבע",8705.882352941177
דב יוסף 2,₪ 785 000,"דירה, שכונה י""א, באר שבע",4 חדרים • קומה 4 • 100 מ״ר,"3 חדרי מקלחת, חבל לפספס, בהזדמנות",https://img.yad2.co.il/Pic/202509/02/2_1/o/y2_1_09388_20250902142255.jpeg,,785000.0,3.0,100.0,4.0,באר שבע,,7850.0
שמעון ויזנטל 1,₪ 2 990 000,"גג/ פנטהאוז, משכנות גנים, פתח תקווה",4 חדרים • קומה 14 • 222 מ״ר,"2 מרפסות, 4 חדרי מקלחת, חניה",https://img.yad2.co.il/Pic/202507/18/2_1/o/y2_1_05436_20250718130551.jpeg,,2990000.0,4.0,2.0,14.0,Unknown,"פנטהאוז, משכנות גנים, פתח תקווה",1495000.0
אלכסנדר סשה ארגוב 2,₪ 7 200 000,"דופלקס, המשתלה, תל אביב יפו",5.5 חדרים • קומה 4 • 270 מ״ר,"ממ""ד, 4 כיווני אוויר, נוף פתוח לפארק",https://img.yad2.co.il/Pic/202508/27/2_1/o/y2_1pa_010220_20250827123051.jpeg,,7200000.0,5.5,270.0,4.0,תל אביב יפו,,26666.666666666668
רבי בנימין 13,₪ 3 500 000,"דירה, בית הכרם, רמת בית הכרם, ירושלים",4 חדרים • קומה 6 • 89 מ״ר,"4 כיווני אוויר, נוף פתוח לעיר, חניה",https://img.yad2.co.il/Pic/202508/27/2_1/o/y2_1pa_010957_20250827090449.jpeg,,3500000.0,4.0,89.0,6.0,ירושלים,,39325.84269662921
זוויתן 53,₪ 6 250 000,"דו משפחתי, המושבה הירוקה, אבן יהודה",7 חדרים • קומה קרקע • 281 מ״ר,"3 חדרי מקלחת, 3 כיווני אוויר, חניה",https://img.yad2.co.il/Pic/202508/30/2_1/o/y2_1_09089_20250830103122.jpeg,,6250000.0,3.0,281.0,4.0,אבן יהודה,,22241.992882562277
הנביא צפניה 10,₪ 5 500 000,"בית פרטי/ קוטג', רמת אבי עזרי / רמת בית שמש ג-1, בית שמש",8 חדרים • קומה קרקע • 300 מ״ר,"3 חדרי מקלחת, ממ""ד, 3 כיווני אוויר",https://img.yad2.co.il/Pic/202508/28/2_1/o/y2_1pa_010267_20250828102253.jpeg,,5500000.0,3.0,300.0,4.0,Unknown,"קוטג', רמת אבי עזרי",18333.333333333332
השר משה 24,₪ 2 990 000,"דירה, נגבה, רמת גן",4 חדרים • קומה 2 • 99 מ״ר,"3 כיווני אוויר, חניה, חדש מקבלן",https://img.yad2.co.il/Pic/202503/25/2_1/o/y2_1pa_010387_20250325112704.jpeg,,2990000.0,4.0,99.0,2.0,רמת גן,,30202.0202020202
ארלוזורוב 10,₪ 720 000,"דירה, הדר מרכז, חיפה",2.5 חדרים • קומה 3 • 46 מ״ר,"נוף פתוח לעיר, קרוב לפארק, בהזדמנות",https://assets.yad2.co.il/y2_frontend/global/images/small_image_placeholder.svg,,720000.0,2.5,46.0,3.0,חיפה,,15652.173913043478
אליעזר שילוני 2,₪ 6 450 000,"גג/ פנטהאוז, עיר גנים, ירושלים",5 חדרים • קומה 22 • 212 מ״ר,"2 מרפסות, 3 כיווני אוויר, חניה",https://img.yad2.co.il/Pic/202508/28/2_1/o/y2_1pa_010504_20250828101751.jpeg,,6450000.0,5.0,2.0,22.0,Unknown,"פנטהאוז, עיר גנים, ירושלים",3225000.0
חיים בר לב 7,₪ 7 680 000,"גג/ פנטהאוז, קרית קריניצי, רמת גן",4 חדרים • קומה 17 • 178 מ״ר,"2 מרפסות, ממ""ד, חניה",https://img.yad2.co.il/Pic/202509/08/2_1/o/y2_1pa_010041_20250908105700.jpeg,,7680000.0,4.0,2.0,17.0,Unknown,"פנטהאוז, קרית קריניצי, רמת גן",3840000.0
גבעות עדן,₪ 4 995 000,"מגרשים, גבעות עדן, גבעות עדן",קומה קרקע • 1024 מ״ר,"נכס חדש, חבל לפספס, בהזדמנות",https://img.yad2.co.il/Pic/202509/11/2_1/o/y2_1pa_010007_20250911175651.jpeg,,4995000.0,4.0,1024.0,4.0,גבעות עדן,,4877.9296875
ואדי 1,₪ 1 700 000,"דירה, ואדי נסנאס, חיפה",3 חדרים • קומה 1 • 120 מ״ר,"2 מרפסות, 3 כיווני אוויר, נוף פתוח לעיר",https://img.yad2.co.il/Pic/202508/27/2_1/o/y2_1_03355_20250827203201.jpeg,,1700000.0,3.0,2.0,1.0,חיפה,,850000.0
סמטת השחר 3,₪ 3 240 000,"דירה, נווה רבין, אור יהודה",4.5 חדרים • קומה 7 • 162 מ״ר,"ממ""ד, 3 כיווני אוויר, חניה",https://img.yad2.co.il/Pic/202509/12/2_1/o/y2_1pa_010058_20250912115853.jpeg,,3240000.0,4.5,162.0,7.0,אור יהודה,,20000.0
בלפור 24,₪ 1 020 000,"דירה, שכונה א', באר שבע",4 חדרים • קומה 4 • 100 מ״ר,"נוף פתוח לעיר, חבל לפספס, בהזדמנות",https://img.yad2.co.il/Pic/202508/27/2_1/o/y2_1pa_010763_20250827133347.jpeg,,1020000.0,4.0,100.0,4.0,באר שבע,,10200.0
שטרן 113,₪ 2 797 770,"דירה, קיראון, קרית אונו",4 חדרים • קומה 2 • 114 מ״ר,"ממ""ד, נוף פתוח לפארק, חניה",https://img.yad2.co.il/Pic/202407/19/2_1/o/y2_1pa_010963_20240719024150.jpeg,,2797770.0,4.0,114.0,2.0,קרית אונו,,24541.842105263157
לאה גולדברג 29,₪ 1 550 000,"דירה, רובע יזרעאל סביוני העמק, עפולה",4 חדרים • קומה 1 • 110 מ״ר,"ממ""ד, 3 כיווני אוויר, חניה",https://img.yad2.co.il/Pic/202509/08/2_1/o/y2_1pa_010503_20250908203101.jpeg,,1550000.0,4.0,110.0,1.0,עפולה,,14090.90909090909
אפרים קציר 9,₪ 4 400 000,"דירה, מתחם 1200, הוד השרון",5 חדרים • קומה 8 • 134 מ״ר,"ממ""ד, חניה, מטבח גדול",https://img.yad2.co.il/Pic/202508/20/2_5/o/y2_1pa_010556_20250820132410.jpeg,,4400000.0,5.0,134.0,8.0,הוד השרון,,32835.82089552239
הארזים,₪ 5 300 000,"דירה, בית הכרם, רמת בית הכרם, ירושלים",5 חדרים • קומה 5 • 150 מ״ר,"ממ""ד, חניה, נכס חדש",https://img.yad2.co.il/Pic/202507/13/2_5/o/y2_1_h7rP3YcAyG_20250713.png,,5300000.0,5.0,150.0,5.0,ירושלים,,35333.333333333336
בארי,₪ 11 500 000,"דירה, הצפון החדש - דרום, תל אביב יפו",5 חדרים • קומה 3 • 160 מ״ר,,https://img.yad2.co.il/Pic/202506/12/2_5/o/y2_1_998028_20250612.jpg,,11500000.0,5.0,160.0,3.0,הצפון החדש,"דרום, תל אביב יפו",71875.0
השומר,₪ 1 980 000,"דירה, השומר, ראשון לציון",4 חדרים • קומה 1 • 95 מ״ר,"חניה, קרוב לפארק, בהזדמנות",https://img.yad2.co.il/Pic/202307/17/2_5/o/y2_1_S5FC6ucuGR_20230717.jpeg,,1980000.0,4.0,95.0,1.0,ראשון לציון,,20842.105263157893
בית פרטי/ קוטג',₪ 3 500 000,"בית פרטי/ קוטג', נתיבות",7 חדרים • קומה קרקע • 530 מ״ר,"ממ""ד, מטבח גדול, בהזדמנות",https://img.yad2.co.il/Pic/202508/27/2_5/o/y2_14_994131_20250827.jpeg,,3500000.0,7.0,530.0,4.0,Unknown,"קוטג', נתיבות",6603.773584905661
עיר היין,₪ 2 040 000,"דירה, עיר היין, אשקלון",5 חדרים • קומה 5 • 140 מ״ר,"ממ""ד, חניה, נכס חדש",https://img.yad2.co.il/Pic/202504/21/2_5/o/y2_1pa_010579_20250421101820.jpeg,,2040000.0,5.0,140.0,5.0,אשקלון,,14571.42857142857
גבעת שמשון,₪ 2 950 000,"בית פרטי/ קוטג', גבעת שמשון, גן יבנה",5 חדרים • קומה קרקע • 200 מ״ר,"2 מרפסות, ממ""ד, יחידת הורים",https://img.yad2.co.il/Pic/202505/19/2_5/o/y2_1pa_993734_20250519152011.jpeg,,2950000.0,5.0,2.0,4.0,Unknown,"קוטג', גבעת שמשון, גן יבנה",1475000.0
התזמורת,₪ 2 680 000,"דירה, נאות אשלים, ראשון לציון",4 חדרים • קומה 7 • 105 מ״ר,"ממ""ד, חניה, קרוב לים",https://img.yad2.co.il/Pic/202506/12/2_5/o/y2_1_h8wSLWmtNS_20250612.jpg,,2680000.0,4.0,105.0,7.0,ראשון לציון,,25523.809523809523
עוגן,₪ 2 270 000,"דירה, גלי כרמל, טירת כרמל",5 חדרים • קומה 9 • 125 מ״ר,"ממ""ד, חניה, נכס חדש",https://img.yad2.co.il/Pic/202508/12/2_5/o/y2_1pa_010326_20250812143751.jpeg,,2270000.0,5.0,125.0,9.0,טירת כרמל,,18160.0
"אזורי חן, גימל החדשה",₪ 11 500 000,"גג/ פנטהאוז, אזורי חן, גימל החדשה, תל אביב יפו",5 חדרים • קומה 7 • 209 מ״ר,"ממ""ד, חניה, נכס חדש",https://img.yad2.co.il/Pic/202509/01/2_5/o/y2_1pa_010228_20250901002226.jpeg,,11500000.0,5.0,209.0,7.0,Unknown,"פנטהאוז, אזורי חן, גימל החדשה, תל אביב יפו",55023.92344497608
שבט מנשה,₪ 2 250 000,"דירה, אחיסמך, לוד",5 חדרים • קומה 2 • 109 מ״ר,"ממ""ד, חניה, נכס חדש",https://img.yad2.co.il/Pic/202507/06/2_5/o/y2_1_17VBMxFsK1_20250706.jpeg,,2250000.0,5.0,109.0,2.0,לוד,,20642.201834862386
נגבה,₪ 3 850 000,"גג/ פנטהאוז, נגבה, רמת גן",5 חדרים • קומה 5 • 200 מ״ר,"3 מרפסות, ממ""ד, חניה",https://img.yad2.co.il/Pic/202508/09/2_5/o/y2_2_996245_20250809.png,,3850000.0,5.0,3.0,5.0,Unknown,"פנטהאוז, נגבה, רמת גן",1283333.3333333333
החסידה,₪ 1 720 000,"דירה, בית""ר, יד שמואל, חדרה",4 חדרים • קומה 1 • 111 מ״ר,"ממ""ד, חניה, נכס חדש",https://img.yad2.co.il/Pic/202509/13/2_5/o/y2_2_1onbLTgvlD_20250913.jpg,,1720000.0,4.0,111.0,1.0,חדרה,,15495.495495495496
חלמיש,₪ 830 000,"דירה, חלמיש, ערד",4 חדרים • קומה 8 • 85 מ״ר,"בניין משופץ, חבל לפספס, בהזדמנות",https://img.yad2.co.il/Pic/202303/15/2_5/o/y2_1_JrcbKSQTyH_20230315.jpeg,,830000.0,4.0,85.0,8.0,ערד,,9764.70588235294
פוריה 4,₪ 2 950 000,"דירה, צפון יפו, המושבה האמריקאית-גרמנית, תל אביב יפו",2.5 חדרים • קומה 1 • 59 מ״ר,"ממ""ד, נכס חדש, קרוב לים",https://img.yad2.co.il/Pic/202503/24/2_5/o/y2_1_lCc1EVGppC_20250324.jpeg,,2950000.0,2.5,59.0,1.0,המושבה האמריקאית,"גרמנית, תל אביב יפו",50000.0
סחלב,₪ 1 570 000,"דירה, הכלניות, שדרות",4 חדרים • קומה 2 • 108 מ״ר,"ממ""ד, חניה, נכס חדש",https://img.yad2.co.il/Pic/202409/30/2_5/o/y2_1_ElPJsccoLX_20240930.jpg,,1570000.0,4.0,108.0,2.0,שדרות,,14537.037037037036
אליעזר שילוני 2,₪ 3 950 000,"דירה, עיר גנים, ירושלים",5 חדרים • קומה 15 • 136 מ״ר,"ממ""ד, חניה, נכס חדש",https://img.yad2.co.il/Pic/202506/08/2_5/o/y2_1pa_010991_20250608151113.jpeg,,3950000.0,5.0,136.0,15.0,ירושלים,,29044.117647058825
"ש""י עגנון",₪ 4 000 000,"גג/ פנטהאוז, מרכז דרום, רעננה",5 חדרים • קומה 5 • 237 מ״ר,"חניה, חבל לפספס, בהזדמנות",https://img.yad2.co.il/Pic/202509/18/2_5/o/y2_2_gTb1DmIR5N_20250918.jpeg,,4000000.0,5.0,237.0,5.0,Unknown,"פנטהאוז, מרכז דרום, רעננה",16877.637130801686
יעקב דורי,₪ 2 000 000,"דירה, נאות שמיר, רמלה",3 חדרים • קומה 10 • 80 מ״ר,"ממ""ד, חניה, בהזדמנות",https://img.yad2.co.il/Pic/202311/05/2_5/o/y2_1_mnSLFLXQk7_20231105.jpg,,2000000.0,3.0,80.0,10.0,רמלה,,25000.0
יוסף ברץ 2,₪ 2 840 000,"דירה, נאות רחל, חולון",4 חדרים • קומה 4 • 100 מ״ר,"ממ""ד, 3 כיווני אוויר, חניה",https://img.yad2.co.il/Pic/202508/17/2_1/o/y2_1pa_010332_20250817114941.jpeg,,2840000.0,4.0,100.0,4.0,חולון,,28400.0
מודיעין 13,₪ 3 100 000,"דירה, אפרידר, אשקלון",4 חדרים • קומה 3 • 112 מ״ר,"ממ""ד, נוף פתוח לים, חניה",https://img.yad2.co.il/Pic/202508/26/2_1/o/y2_1_04331_20250826131122.jpeg,,3100000.0,4.0,112.0,3.0,אשקלון,,27678.571428571428
גרטרוד עליון 13,₪ 2 710 000,"דירה, פסגות אפק, ראש העין",4.5 חדרים • קומה 1 • 135 מ״ר,"ממ""ד, נוף פתוח לעיר, חניה",https://img.yad2.co.il/Pic/202508/26/2_1/o/y2_1pa_010601_20250826122543.jpeg,,2710000.0,4.5,135.0,1.0,ראש העין,,20074.074074074073
יאיר 1,₪ 990 000,"דירה, מושבה מרכז, זכרון יעקב",2 חדרים • קומה 7 • 100 מ״ר,"ממ""ד, נוף פתוח לים, בניין משופץ",https://img.yad2.co.il/Pic/202508/26/2_1/o/y2_1pa_010903_20250826170815.jpeg,,990000.0,2.0,100.0,7.0,זכרון יעקב,,9900.0
הירמוך 9,₪ 12 500 000,"מגרשים, מחנה יהודה - לב העיר, ירושלים",12.5 חדרים • קומה קרקע • 600 מ״ר,"3 מרפסות, 4 חדרי מקלחת, 3 כיווני אוויר",https://img.yad2.co.il/Pic/202509/09/2_1/o/y2_1pa_010136_20250909050635.jpeg,,12500000.0,4.0,3.0,4.0,מחנה יהודה,"לב העיר, ירושלים",4166666.6666666665
הרימון 30,₪ 7 740 000,"בית פרטי/ קוטג', עין איילה, עין איילה",5.5 חדרים • קומה קרקע • 520 מ״ר,"3 חדרי מקלחת, ממ""ד, חניה",https://img.yad2.co.il/Pic/202508/25/2_1/o/y2_1pa_010356_20250825202418.jpeg,,7740000.0,3.0,520.0,4.0,Unknown,"קוטג', עין איילה, עין איילה",14884.615384615385
גנסין 23,₪ 3 500 000,"דירה, גבעת הרמבם, גבעתיים",3.5 חדרים • קומה 1 • 85 מ״ר,"3 כיווני אוויר, נוף פתוח לעיר, חניה",https://img.yad2.co.il/Pic/202508/25/2_1/o/y2_1pa_010053_20250825112537.jpeg,,3500000.0,3.5,85.0,1.0,גבעתיים,,41176.470588235294
אליעזר בן יהודה 7,₪ 2 770 000,"דירה, המרכז השקט / מרכז העיר, פתח תקווה",5 חדרים • קומה 3 • 130 מ״ר,"ממ""ד, 4 כיווני אוויר, חניה",https://img.yad2.co.il/Pic/202508/18/2_1/o/y2_1_01489_20250818120952.jpeg,,2770000.0,5.0,130.0,3.0,המרכז השקט,"מרכז העיר, פתח תקווה",21307.69230769231
אורן 46,₪ 2 850 000,"דופלקס, החורש, חריש",6 חדרים • קומה 4 • 203 מ״ר,"2 מרפסות, 4 חדרי מקלחת, חניה",https://img.yad2.co.il/Pic/202508/25/2_1/o/y2_1_05839_20250825211715.jpeg,,2850000.0,4.0,2.0,4.0,חריש,,1425000.0
נחלת צבי 15,₪ 2 980 000,"גג/ פנטהאוז, לב המושבה / מרכז העיר, פתח תקווה",5 חדרים • קומה 6 • 113 מ״ר,"3 חדרי מקלחת, ממ""ד, חניה",https://img.yad2.co.il/Pic/202509/11/2_1/o/y2_1_04981_20250911145717.jpeg,,2980000.0,3.0,113.0,6.0,Unknown,"פנטהאוז, לב המושבה",26371.681415929204
רחבת הזמיר 15,₪ 2 000 000,"דירה, אלעד, אלעד",3 חדרים • קומה 2 • 85 מ״ר,"ממ""ד, 3 כיווני אוויר, חניה",https://assets.yad2.co.il/y2_frontend/global/images/small_image_placeholder.svg,,2000000.0,3.0,85.0,2.0,אלעד,,23529.41176470588
דרך מנחם בגין 8,₪ 1 350 000,"דירה, נאות אשכול, שדרות",4 חדרים • קומה 6 • 111 מ״ר,"ממ""ד, נוף פתוח לעיר, חניה",https://img.yad2.co.il/Pic/202509/09/2_1/o/y2_1_04895_20250909144522.jpeg,,1350000.0,4.0,111.0,6.0,שדרות,,12162.162162162162
דניאל 91,₪ 1 800 000,"דירה, לב העיר, בת ים",3 חדרים • קומה 4 • 71 מ״ר,"נכס עורפי, חבל לפספס, בהזדמנות",https://img.yad2.co.il/Pic/202507/27/2_1/o/y2_1pa_010433_20250727182454.jpeg,,1800000.0,3.0,71.0,4.0,בת ים,,25352.11267605634
החשמונאים 5,₪ 1 950 000,"דירה, לב העיר, בת ים",3 חדרים • קומה 3 • 85 מ״ר,"3 כיווני אוויר, נוף פתוח לפארק, נכס עורפי",https://img.yad2.co.il/Pic/202508/25/2_1/o/y2_1pa_010627_20250825231833.jpeg,,1950000.0,3.0,85.0,3.0,בת ים,,22941.176470588234
השיקמה 29,₪ 1 500 000,"דירה, רמות יצחק, נשר",3 חדרים • קומה 2 • 68 מ״ר,"חניה, בניין משופץ, בהזדמנות",https://img.yad2.co.il/Pic/202509/12/2_1/o/y2_1_07085_20250912221317.jpeg,,1500000.0,3.0,68.0,2.0,נשר,,22058.823529411766
מגידו 9,₪ 1 860 000,"דירה, קרית שרת מזרח, חולון",3 חדרים • קומה 4 • 61 מ״ר,"ייחודי, חבל לפספס, מומלץ",https://img.yad2.co.il/Pic/202509/09/2_1/o/y2_1_04169_20250909122026.jpeg,,1860000.0,3.0,61.0,4.0,חולון,,30491.803278688523
יציאה למחלף חולון מזרח 1,₪ 1 500 000,"מגרשים, מולדת - דרום חולון, חולון",קומה קרקע • 335 מ״ר,"4 כיווני אוויר, חבל לפספס, בהזדמנות",https://assets.yad2.co.il/y2_frontend/global/images/small_image_placeholder.svg,,1500000.0,4.0,335.0,4.0,מולדת,"דרום חולון, חולון",4477.611940298508
הנביאים 36,₪ 2 100 000,"בית פרטי/ קוטג', מרכז העיר, קרית אתא",5 חדרים • קומה קרקע • 145 מ״ר,"3 חדרי מקלחת, 3 כיווני אוויר, חניה",https://img.yad2.co.il/Pic/202508/11/2_1/o/y2_1pa_010956_20250811163226.jpeg,,2100000.0,3.0,145.0,4.0,Unknown,"קוטג', מרכז העיר, קרית אתא",14482.758620689656
קרליבך 4,₪ 5 750 000,"דירה, גני שרונה, קרית הממשלה, תל אביב יפו",4 חדרים • קומה 13 • 119 מ״ר,"ממ""ד, חניה, נכס חדש",https://img.yad2.co.il/Pic/202507/10/2_1/o/y2_1pa_010176_20250710111217.jpeg,,5750000.0,4.0,119.0,13.0,תל אביב יפו,,48319.32773109244
אחד העם 27,₪ 2 650 000,"דירה, עיר, מרכז העיר, נהריה",5 חדרים • קומה 1 • 140 מ״ר,"3 חדרי מקלחת, 3 כיווני אוויר, חניה",https://img.yad2.co.il/Pic/202508/25/2_1/o/y2_1pa_010297_20250825105215.jpeg,,2650000.0,3.0,140.0,1.0,נהריה,,18928.571428571428
לילינבלום,₪ 2 050 000,"דירה, קרית אתא",5 חדרים • קומה 1 • 180 מ״ר,"ממ""ד, חניה, נכס חדש",https://img.yad2.co.il/Pic/202506/18/2_5/o/y2_5_xmQtvX3fqo_20250618.jpeg,,2050000.0,5.0,180.0,1.0,קרית אתא,,11388.888888888889
בית פרטי/ קוטג',₪ 6 900 000,"בית פרטי/ קוטג', בוסתן הגליל",6 חדרים • קומה קרקע • 699 מ״ר,"ממ""ד, חניה, נכס חדש",https://img.yad2.co.il/Pic/202504/21/2_5/o/y2_10_NDm3wE2mEC_20250421.jpg,,6900000.0,6.0,699.0,4.0,Unknown,"קוטג', בוסתן הגליל",9871.244635193134
שלום דנינו 2,₪ 1 410 000,"דירה, נתיבות מערב, נתיבות",4 חדרים • קומה 11 • 110 מ״ר,"חניה, נכס חדש, בהזדמנות",https://img.yad2.co.il/Pic/202508/19/2_5/o/y2_1pa_010327_20250819192713.jpeg,,1410000.0,4.0,110.0,11.0,נתיבות,,12818.181818181818
דירה,₪ 2 090 000,"דירה, בת ים",3 חדרים • קומה 4 • 65 מ״ר,"ממ""ד, חניה, נכס חדש",https://img.yad2.co.il/Pic/202507/30/2_5/o/y2_1_iXkj2MdEVC_20250730.jpg,,2090000.0,3.0,65.0,4.0,בת ים,,32153.846153846152
מגדיאל,₪ 2 630 000,"דירה, מגדיאל, הוד השרון",4 חדרים • קומה 2 • 103 מ״ר,"חניה, יחידת הורים, בניין משופץ",https://img.yad2.co.il/Pic/202509/18/2_5/o/y2_1pa_010102_20250918100135.jpeg,,2630000.0,4.0,103.0,2.0,הוד השרון,,25533.980582524273
בן גוריון,₪ 2 780 000,"דירה, בן גוריון, חולון",5 חדרים • קומה 1 • 132 מ״ר,"ממ""ד, חניה, יחידת הורים",https://img.yad2.co.il/Pic/202507/20/2_5/o/y2_1pa_010355_20250720132839.jpeg,,2780000.0,5.0,132.0,1.0,חולון,,21060.60606060606
בורוכוב,₪ 9 500 000,"גג/ פנטהאוז, בורוכוב, גבעתיים",5 חדרים • קומה 6 • 220 מ״ר,"ממ""ד, נכס חדש, חבל לפספס",https://img.yad2.co.il/Pic/202508/04/2_5/o/o2_5_1_09728_20250804172243.jpg,,9500000.0,5.0,220.0,6.0,Unknown,"פנטהאוז, בורוכוב, גבעתיים",43181.818181818184
שילה,₪ 5 500 000,"דירה, הצפון החדש - דרום, תל אביב יפו",3 חדרים • קומה 2 • 94 מ״ר,"ממ""ד, חניה, נכס חדש",https://img.yad2.co.il/Pic/202507/27/2_5/o/y2_1pa_010942_20250727142915.jpeg,,5500000.0,3.0,94.0,2.0,הצפון החדש,"דרום, תל אביב יפו",58510.63829787234
כינרת 37,₪ 1 800 000,"דירה, רובע י""א, אשדוד",3.5 חדרים • קומה 6 • 97 מ״ר,"חניה, חבל לפספס, בהזדמנות",https://img.yad2.co.il/Pic/202508/07/2_5/o/y2_10_YgNYXERI15_20250807.jpeg,,1800000.0,3.5,97.0,6.0,אשדוד,,18556.701030927834
שדרות רחבעם זאבי,₪ 3 900 000,"דירה, גבעת אולגה, חדרה",4 חדרים • קומה 8 • 120 מ״ר,"ממ""ד, חניה, נכס חדש",https://img.yad2.co.il/Pic/202507/09/2_5/o/y2_10_ke56n8Z5Ze_20250709.jpg,,3900000.0,4.0,120.0,8.0,חדרה,,32500.0
מתחם 1200,₪ 3 480 000,"דירה, מתחם 1200, הוד השרון",4 חדרים • קומה 8 • 100 מ״ר,"ממ""ד, חניה, נכס חדש",https://img.yad2.co.il/Pic/202504/22/2_5/o/y2_1pa_010981_20250422161213.jpeg,,3480000.0,4.0,100.0,8.0,הוד השרון,,34800.0
דרך הנחשונים 7,₪ 1 800 000,"דירת גן, רובע ב', אריאל",4 חדרים • קומה קרקע • 91 מ״ר,"ממ""ד, יחידת הורים, בניין משופץ",https://img.yad2.co.il/Pic/202509/07/2_5/o/y2_1pa_010171_20250907152126.jpeg,,1800000.0,4.0,91.0,4.0,אריאל,,19780.21978021978
השקד,₪ 2 570 000,"בית פרטי/ קוטג', חוסן",5 חדרים • קומה קרקע • 500 מ״ר,"ממ""ד, חניה, בהזדמנות",https://img.yad2.co.il/Pic/202509/07/2_5/o/y2_1pa_010824_20250907125042.jpeg,,2570000.0,5.0,500.0,4.0,Unknown,"קוטג', חוסן",5140.0
הדייגים,₪ 4 400 000,"דופלקס, נאות רבין, יבנה",5.5 חדרים • קומה 21 • 186 מ״ר,"ממ""ד, חניה, קרוב לים",https://img.yad2.co.il/Pic/202507/15/2_5/o/y2_1pa_010638_20250715133035.jpeg,,4400000.0,5.5,186.0,21.0,יבנה,,23655.913978494624
שאר העיר,₪ 1 770 000,"דירת גן, שאר העיר, מגדל העמק",4.5 חדרים • קומה 1 • 106 מ״ר,"ממ""ד, חניה, מטבח גדול",https://img.yad2.co.il/Pic/202507/10/2_5/o/o2_5_1_06878_20250710143915.jpg,,1770000.0,4.5,106.0,1.0,מגדל העמק,,16698.11320754717
ברדיצ'בסקי,₪ 6 800 000,"דירת גן, ארלוזורוב, גבעתיים",5 חדרים • קומה קרקע • 223 מ״ר,"ממ""ד, חניה, נכס חדש",https://img.yad2.co.il/Pic/202507/22/2_5/o/y2_1pa_010202_20250722164756.jpeg,,6800000.0,5.0,223.0,4.0,גבעתיים,,30493.2735426009
השחר,₪ 11 900 000,"בית פרטי/ קוטג', קרית גנים, רעננה",7 חדרים • קומה קרקע • 450 מ״ר,"חניה, מטבח גדול, בהזדמנות",https://img.yad2.co.il/Pic/202508/07/2_5/o/y2_1pa_010933_20250807121227.jpeg,,11900000.0,7.0,450.0,4.0,Unknown,"קוטג', קרית גנים, רעננה",26444.444444444445
נאות שקמה,₪ 2 590 000,"דירה, נאות שקמה, ראשון לציון",4 חדרים • קומה 5 • 90 מ״ר,"ממ""ד, חניה, בניין משופץ",https://img.yad2.co.il/Pic/202506/09/2_5/o/y2_5_998637_20250609.jpg,,2590000.0,4.0,90.0,5.0,ראשון לציון,,28777.777777777777
אנשי בראשית,₪ 3 350 000,"דירה, רמתיים, הוד השרון",4.5 חדרים • קומה 5 • 120 מ״ר,"ממ""ד, חניה, נכס חדש",https://img.yad2.co.il/Pic/202509/16/2_5/o/y2_1pa_010472_20250916130604.jpeg,,3350000.0,4.5,120.0,5.0,הוד השרון,,27916.666666666668
נורדאו,₪ 2 990 000,"דירה, שכונת חשמונאים, מרכז העיר א, רמת גן",3 חדרים • קומה 4 • 73 מ״ר,"ממ""ד, חניה, נכס חדש",https://img.yad2.co.il/Pic/202509/04/2_5/o/y2_1pa_010292_20250904175512.jpeg,,2990000.0,3.0,73.0,4.0,רמת גן,,40958.90410958904
נחשול 8,₪ 2 680 000,"דירה, נופרים, ראש העין",5 חדרים • קומה 8 • 146 מ״ר,"ממ""ד, נוף פתוח לפארק, חניה",https://img.yad2.co.il/Pic/202508/26/2_1/o/y2_1pa_010148_20250826165723.jpeg,,2680000.0,5.0,146.0,8.0,ראש העין,,18356.164383561645
הרב כלפון משה הכהן 4,₪ 1 780 000,"דירה, גבעת ציון, אשקלון",4 חדרים • קומה 1 • 119 מ״ר,"ממ""ד, נוף פתוח לפארק, חניה",https://img.yad2.co.il/Pic/202508/26/2_1/o/y2_1pa_010584_20250826205515.jpeg,,1780000.0,4.0,119.0,1.0,אשקלון,,14957.98319327731
האשל 19,₪ 3 250 000,"דירה, שכונת יהלום, מרכז העיר ב, רמת גן",3 חדרים • קומה 7 • 76 מ״ר,"ממ""ד, נוף פתוח לעיר, חניה",https://img.yad2.co.il/Pic/202508/25/2_1/o/y2_1pa_010736_20250825114356.jpeg,,3250000.0,3.0,76.0,7.0,רמת גן,,42763.15789473684
חזקיהו המלך 31,₪ 2 700 000,"דירה, קטמון הישנה, ירושלים",2.5 חדרים • קומה קרקע • 60 מ״ר,"ממ""ד, נוף פתוח לעיר, חניה",https://img.yad2.co.il/Pic/202508/25/2_1/o/y2_1pa_010982_20250825120041.jpeg,,2700000.0,2.5,60.0,4.0,ירושלים,,45000.0
הנשיא 5,₪ 1 990 000,"דירה, אפרידר, אשקלון",4.5 חדרים • קומה 2 • 123 מ״ר,"ממ""ד, 4 כיווני אוויר, חניה",https://img.yad2.co.il/Pic/202508/25/2_1/o/y2_1pa_010878_20250825122742.jpeg,,1990000.0,4.5,123.0,2.0,אשקלון,,16178.861788617885
רקפות 2,₪ 2 000 000,"מגרשים, אפק, קרית ביאליק",קומה קרקע • 2132 מ״ר,"4 כיווני אוויר, חדש מקבלן, בהזדמנות",https://assets.yad2.co.il/y2_frontend/global/images/small_image_placeholder.svg,,2000000.0,4.0,2132.0,4.0,קרית ביאליק,,938.0863039399625
בורוכוב 18,₪ 2 040 000,"דירה, רמת ורבר, פתח תקווה",3.5 חדרים • קומה 6 • 78 מ״ר,"נוף פתוח לעיר, נכס עורפי, בניין משופץ",https://img.yad2.co.il/Pic/202509/10/2_1/o/y2_1pa_010008_20250910095647.jpeg,,2040000.0,3.5,78.0,6.0,פתח תקווה,,26153.846153846152
דרך הים 58,₪ 1 750 000,"דירה, עיר היין, אשקלון",3 חדרים • קומה 4 • 100 מ״ר,"ממ""ד, חניה, חדש מקבלן",https://img.yad2.co.il/Pic/202509/07/2_1/o/y2_1_04031_20250907104621.jpeg,,1750000.0,3.0,100.0,4.0,אשקלון,,17500.0
אהבת אדם 84,₪ 2 600 000,"דירה, שרונה, כפר יונה",4 חדרים • קומה 4 • 114 מ״ר,"ממ""ד, נוף פתוח לפארק, חניה",https://img.yad2.co.il/Pic/202507/30/2_1/o/y2_1_02140_20250730135949.jpeg,,2600000.0,4.0,114.0,4.0,כפר יונה,,22807.01754385965
הרצל 82,₪ 3 500 000,"גג/ פנטהאוז, עצמאות יוספטל, בת ים",5.5 חדרים • קומה 8 • 170 מ״ר,"3 מרפסות, 3 כיווני אוויר, חניה",https://img.yad2.co.il/Pic/202508/23/2_1/o/y2_1pa_010604_20250823184125.jpeg,,3500000.0,5.5,3.0,8.0,Unknown,"פנטהאוז, עצמאות יוספטל, בת ים",1166666.6666666667
החצב 16,₪ 1 190 000,"דירה, שלום, נצרת עילית / נוף הגליל",3.5 חדרים • קומה 1 • 70 מ״ר,"3 כיווני אוויר, נוף פתוח לפארק, חניה",https://img.yad2.co.il/Pic/202507/29/2_1/o/y2_1pa_010155_20250729193201.jpeg,,1190000.0,3.5,70.0,1.0,נצרת עילית,נוף הגליל,17000.0
בוליביה 4,₪ 3 390 000,"גג/ פנטהאוז, קרית היובל, ירושלים",4 חדרים • קומה 6 • 160 מ״ר,"ממ""ד, 3 כיווני אוויר, חניה",https://img.yad2.co.il/Pic/202509/07/2_1/o/y2_1pa_010518_20250907190231.jpeg,,3390000.0,4.0,160.0,6.0,Unknown,"פנטהאוז, קרית היובל, ירושלים",21187.5
סמטת נחל יעלים 5,₪ 3 180 000,"בית פרטי/ קוטג', הנחלים, מעלה אדומים",5 חדרים • קומה קרקע • 200 מ״ר,"3 כיווני אוויר, קרוב לפארק, בהזדמנות",https://img.yad2.co.il/Pic/202505/31/2_1/o/y2_1pa_010733_20250531145053.jpeg,,3180000.0,5.0,200.0,4.0,Unknown,"קוטג', הנחלים, מעלה אדומים",15900.0
מגרשים,₪ 3 500 000,"מגרשים, מעיין צבי",קומה קרקע • 345 מ״ר,"4 כיווני אוויר, נוף פתוח לים, נכס חדש",https://assets.yad2.co.il/y2_frontend/global/images/small_image_placeholder.svg,,3500000.0,4.0,345.0,4.0,מעיין צבי,,10144.927536231884
הכרמים 122,₪ 2 500 000,"בית פרטי/ קוטג', מישור הגפן, אופקים",9 חדרים • קומה קרקע • 230 מ״ר,"4 חדרי מקלחת, יחידת הורים, בניין משופץ",https://img.yad2.co.il/Pic/202509/07/2_1/o/y2_1pa_010731_20250907110010.jpeg,,2500000.0,4.0,230.0,4.0,Unknown,"קוטג', מישור הגפן, אופקים",10869.565217391304
דרך מנחם בגין 144,₪ 4 490 000,"דירה, מונטיפיורי, הרכבת, תל אביב יפו",3 חדרים • קומה 26 • 85 מ״ר,"ממ""ד, נוף פתוח לים, חניה",https://img.yad2.co.il/Pic/202509/07/2_1/o/y2_1pa_010435_20250907150143.jpeg,,4490000.0,3.0,85.0,26.0,תל אביב יפו,,52823.529411764706
יהודה הלוי 12,₪ 1 830 000,"דירה, שכונה ב', באר שבע",4 חדרים • קומה 13 • 147 מ״ר,"ממ""ד, 4 כיווני אוויר, חניה",https://img.yad2.co.il/Pic/202508/24/2_1/o/y2_1pa_010677_20250824015515.jpeg,,1830000.0,4.0,147.0,13.0,באר שבע,,12448.979591836734
ארלוזורוב 1,₪ 2 600 000,"גג/ פנטהאוז, אפרים, חדרה",4 חדרים • קומה 7 • 156 מ״ר,"ממ""ד, נוף פתוח לפארק, חניה",https://img.yad2.co.il/Pic/202509/15/2_1/o/y2_1pa_010951_20250915095629.jpeg,,2600000.0,4.0,156.0,7.0,Unknown,"פנטהאוז, אפרים, חדרה",16666.666666666668
דרך ששת הימים 101,₪ 2 250 000,"דירה, סלע, רחובות",3 חדרים • קומה 9 • 88 מ״ר,"ממ""ד, חניה, חדש מקבלן",https://img.yad2.co.il/Pic/202509/06/2_1/o/y2_1pa_010262_20250906094631.jpeg,,2250000.0,3.0,88.0,9.0,רחובות,,25568.18181818182
רבן יוחנן בן זכאי 76,₪ 2 650 000,"דירה, אלעד, אלעד",4 חדרים • קומה 2 • 100 מ״ר,"ממ""ד, 4 כיווני אוויר, חניה",https://img.yad2.co.il/Pic/202509/15/2_1/o/y2_1pa_010897_20250915225149.jpeg,,2650000.0,4.0,100.0,2.0,אלעד,,26500.0
אלי כהן 37,₪ 1 370 000,"דירה, נווה הדרים, אשקלון",4 חדרים • קומה 7 • 80 מ״ר,"ממ""ד, חניה, בהזדמנות",https://img.yad2.co.il/Pic/202507/21/2_5/o/y2_1_874cp6Ahn5_20250721.jpeg,,1370000.0,4.0,80.0,7.0,אשקלון,,17125.0
קרית גנים,₪ 2 480 000,"דירה, קרית גנים, ראשון לציון",4.5 חדרים • קומה 2 • 106 מ״ר,"חניה, חבל לפספס, בהזדמנות",https://img.yad2.co.il/Pic/202508/25/2_5/o/y2_1pa_010912_20250825180505.jpeg,,2480000.0,4.5,106.0,2.0,ראשון לציון,,23396.22641509434
קרית אילון,₪ 5 900 000,"דירת גן, קרית אילון, חולון",5 חדרים • קומה קרקע • 355 מ״ר,"2 מרפסות, ממ""ד, חניה",https://img.yad2.co.il/Pic/202501/19/2_5/o/y2_3_30xSiIaYeo_20250119.jpg,,5900000.0,5.0,2.0,4.0,חולון,,2950000.0
הנביאים,₪ 3 500 000,"גג/ פנטהאוז, הנביאים, בת ים",6 חדרים • קומה 8 • 215 מ״ר,,https://img.yad2.co.il/Pic/202505/26/2_5/o/y2_1pa_999902_20250526163130.jpeg,,3500000.0,6.0,215.0,8.0,Unknown,"פנטהאוז, הנביאים, בת ים",16279.06976744186
רחל המשוררת,₪ 3 490 000,"דירה, בית הכרם, רמת בית הכרם, ירושלים",4 חדרים • קומה 2 • 90 מ״ר,"ייחודי, חבל לפספס, בהזדמנות",https://img.yad2.co.il/Pic/202509/04/2_5/o/y2_1pa_010579_20250904104550.jpeg,,3490000.0,4.0,90.0,2.0,ירושלים,,38777.77777777778
צריפין החדשה,₪ 3 450 000,"דירת גן, צריפין החדשה, באר יעקב",3 חדרים • קומה 1 • 190 מ״ר,"ממ""ד, חניה, נכס חדש",https://img.yad2.co.il/Pic/202509/17/2_5/o/y2_1pa_010575_20250917170220.jpeg,,3450000.0,3.0,190.0,1.0,באר יעקב,,18157.894736842107
גני תקווה מערב,₪ 4 250 000,"דירה, גני תקווה מערב, גני תקווה",5 חדרים • קומה 12 • 153 מ״ר,"ממ""ד, חניה, נכס חדש",https://img.yad2.co.il/Pic/202505/18/2_5/o/y2_1pa_010218_20250518124612.jpeg,,4250000.0,5.0,153.0,12.0,גני תקווה,,27777.777777777777
אירוס,₪ 9 550 000,"בית פרטי/ קוטג', אירוס, אירוס",8 חדרים • קומה קרקע • 505 מ״ר,"2 מרפסות, ממ""ד, חניה",https://img.yad2.co.il/Pic/202310/15/2_5/o/y2_11_993184_20231015.png,,9550000.0,8.0,2.0,4.0,Unknown,"קוטג', אירוס, אירוס",4775000.0
יהודה הלוי,₪ 2 490 000,"דירה, רמב""ם, ראשון לציון",4 חדרים • קומה 1 • 121 מ״ר,"ממ""ד, חניה, נכס חדש",https://img.yad2.co.il/Pic/202508/13/2_5/o/y2_1pa_010524_20250813220223.jpeg,,2490000.0,4.0,121.0,1.0,ראשון לציון,,20578.512396694216
ויטל,₪ 4 150 000,"דופלקס, פלורנטין, תל אביב יפו",3 חדרים • קומה 6 • 91 מ״ר,"חניה, בניין משופץ, קרוב לפארק",https://img.yad2.co.il/Pic/202505/25/2_5/o/y2_1pa_010541_20250525163018.jpeg,,4150000.0,3.0,91.0,6.0,תל אביב יפו,,45604.395604395606
קהילת לודז' 66,₪ 3 190 000,"דירה, הדר יוסף, תל אביב יפו",2.5 חדרים • קומה 2 • 68 מ״ר,"ממ""ד, חניה, נכס חדש",https://img.yad2.co.il/Pic/202505/29/2_5/o/y2_1pa_010526_20250529092414.jpeg,,3190000.0,2.5,68.0,2.0,תל אביב יפו,,46911.76470588235
רות,₪ 3 790 000,"דירה, חרוזים, רמת גן",4 חדרים • קומה 4 • 110 מ״ר,"ממ""ד, חניה, נכס חדש",https://img.yad2.co.il/Pic/202507/28/2_5/o/y2_1pa_010833_20250728114452.jpeg,,3790000.0,4.0,110.0,4.0,רמת גן,,34454.545454545456
שדרות מנחם בגין,₪ 555 000,"מגרשים, גבעת אולגה, חדרה",קומה קרקע • 166 מ״ר,"ייחודי, חבל לפספס, בהזדמנות",https://img.yad2.co.il/Pic/202408/11/2_5/o/y2_1_6QBn4jHjJg_20240811.jpg,,555000.0,4.0,166.0,4.0,חדרה,,3343.373493975904
יסמין,₪ 6 170 000,"בית פרטי/ קוטג', הוותיקה, צור הדסה",6 חדרים • קומה קרקע • 579 מ״ר,"חניה, יחידת הורים, בניין משופץ",https://img.yad2.co.il/Pic/202508/10/2_5/o/y2_1pa_010695_20250810134129.jpeg,,6170000.0,6.0,579.0,4.0,Unknown,"קוטג', הוותיקה, צור הדסה",10656.303972366148
הרב חיים ברלין,₪ 6 500 000,"דירה, קרית שמואל, ירושלים",5 חדרים • קומה 4 • 133 מ״ר,,https://img.yad2.co.il/Pic/202509/04/2_5/o/y2_1pa_994526_20250904162744.jpeg,,6500000.0,5.0,133.0,4.0,ירושלים,,48872.18045112782
שמעון התרסי 11,₪ 4 590 000,"דירה, הצפון הישן - צפון, תל אביב יפו",3.5 חדרים • קומה 3 • 80 מ״ר,"2 מרפסות, חניה, בהזדמנות",https://img.yad2.co.il/Pic/202508/10/2_5/o/y2_1pa_010053_20250810150040.jpeg,,4590000.0,3.5,2.0,3.0,הצפון הישן,"צפון, תל אביב יפו",2295000.0
גלי כרמל,₪ 2 175 000,"דירה, גלי כרמל, טירת כרמל",5 חדרים • קומה 9 • 145 מ״ר,"ממ""ד, חניה, נכס חדש",https://assets.yad2.co.il/y2_frontend/global/images/small_image_placeholder.svg,,2175000.0,5.0,145.0,9.0,טירת כרמל,,15000.0
המשתלה,₪ 10 980 000,"בית פרטי/ קוטג', המשתלה, תל אביב יפו",7 חדרים • קומה קרקע • 300 מ״ר,"ממ""ד, חניה, קרוב לפארק",https://img.yad2.co.il/Pic/202508/04/2_5/o/y2_4_D035_pmIBF_20250804.png,,10980000.0,7.0,300.0,4.0,Unknown,"קוטג', המשתלה, תל אביב יפו",36600.0
בית פרטי/ קוטג',₪ 5 550 000,"בית פרטי/ קוטג', בת הדר",7 חדרים • קומה קרקע • 500 מ״ר,"2 מרפסות, ממ""ד, חניה",https://img.yad2.co.il/Pic/202506/10/2_5/o/y2_1pa_010260_20250610134101.jpeg,,5550000.0,7.0,2.0,4.0,Unknown,"קוטג', בת הדר",2775000.0
